交易日期,契約,到期月份(週別),履約價,買賣權,開盤價,最高價,最低價,收盤價,成交量,結算價,未沖銷契約數,最後最佳買價,最後最佳賣價,歷史最高價,歷史最低價,是否因訊息面暫停交易,交易時段
2018/10/26,TXO,201810W5,8800.0000,買權,600,605,600,605,2,675,1,655,675,605,600,,一般,
2018/10/26,TXO,201810W5,8800.0000,賣權,6.4,27,6.4,14,17120,14,5599,13.5,14,27,6.4,,一般,
2018/10/26,TXO,201810W5,8900.0000,買權,505,505,505,505,10,575,10,560,580,505,505,,一般,
2018/10/26,TXO,201810W5,8900.0000,賣權,10,34.5,10,17.5,8444,17.5,2844,18,19.5,34.5,10,,一般,
2018/10/26,TXO,201810W5,9000.0000,買權,459,495,459,495,12,484,57,468,480,720,459,,一般,
2018/10/26,TXO,201810W5,9000.0000,買權,575,645,575,645,15,-,-,535,1440,720,525,,盤後,
2018/10/26,TXO,201810W5,9000.0000,賣權,14.5,45,14,24.5,24558,24.5,16843,24.5,25,67,4,,一般,
2018/10/26,TXO,201810W5,9000.0000,賣權,23.5,29.5,9,12,12449,-,-,11.5,12.5,67,4,,盤後,
2018/10/26,TXO,201810W5,9100.0000,買權,484,484,351,393,53,393,47,378,389,620,351,,一般,
2018/10/26,TXO,201810W5,9100.0000,買權,478,545,478,545,12,-,-,452,1300,620,439,,盤後,
2018/10/26,TXO,201810W5,9100.0000,賣權,20.5,59,19.5,34,14056,34,7308,33.5,34,78,6,,一般,
2018/10/26,TXO,201810W5,9100.0000,賣權,32,38,11,16,8234,-,-,15.5,16,78,6,,盤後,
2018/10/26,TXO,201810W5,9200.0000,買權,399,424,256,301,118,301,96,291,301,505,256,,一般,
2018/10/26,TXO,201810W5,9200.0000,買權,391,428,391,428,29,-,-,242,985,505,340,,盤後,
2018/10/26,TXO,201810W5,9200.0000,賣權,29,78,27,46.5,26396,46.5,6915,46,48,100,2,,一般,
2018/10/26,TXO,201810W5,9200.0000,賣權,41,50,18,24.5,10343,-,-,24.5,26.5,100,2,,盤後,
2018/10/26,TXO,201810W5,9250.0000,買權,336,336,220,251,28,258,19,249,258,336,220,,一般,
2018/10/26,TXO,201810W5,9250.0000,賣權,33,90,33,56,8046,56,1172,55,56,90,33,,一般,
2018/10/26,TXO,201810W5,9300.0000,買權,310,314,176,220,582,220,267,211,220,441,176,,一般,
2018/10/26,TXO,201810W5,9300.0000,買權,286,378,286,334,112,-,-,305,390,441,203,,盤後,
2018/10/26,TXO,201810W5,9300.0000,賣權,39.5,105,39,65,25533,65,5497,64,66,115,13,,一般,
2018/10/26,TXO,201810W5,9300.0000,賣權,58,67,25,35,12257,-,-,34.5,37,115,13,,盤後,
2018/10/26,TXO,201810W5,9350.0000,買權,274,280,145,175,485,181,189,175,181,280,145,,一般,
2018/10/26,TXO,201810W5,9350.0000,賣權,53,122,47.5,79,14597,79,2271,78,81,122,47.5,,一般,
2018/10/26,TXO,201810W5,9400.0000,買權,226,252,114,143,5498,143,1970,142,143,423,114,,一般,
2018/10/26,TXO,201810W5,9400.0000,買權,210,290,132,243,746,-,-,243,266,423,132,,盤後,
2018/10/26,TXO,201810W5,9400.0000,賣權,57,142,55,95,27220,95,8349,94,95,145,19.5,,一般,
2018/10/26,TXO,201810W5,9400.0000,賣權,82,89,36.5,57,12249,-,-,53,58,145,19.5,,盤後,
2018/10/26,TXO,201810W5,9450.0000,買權,191,214,87,111,7166,112,1653,110,112,214,87,,一般,
2018/10/26,TXO,201810W5,9450.0000,賣權,73,166,66,113,13753,113,1253,113,114,166,66,,一般,
2018/10/26,TXO,201810W5,9500.0000,買權,164,179,64,83,17036,83,4204,82,85,339,64,,一般,
2018/10/26,TXO,201810W5,9500.0000,買權,143,209,140,191,2320,-,-,177,207,339,122,,盤後,
2018/10/26,TXO,201810W5,9500.0000,賣權,90,193,79,136,16834,135,3698,135,137,193,29,,一般,
2018/10/26,TXO,201810W5,9500.0000,賣權,108,119,53,80,9877,-,-,74,78,182,29,,盤後,
2018/10/26,TXO,201810W5,9550.0000,買權,120,146,46,61,24295,61,6391,60,61,290,46,,一般,
2018/10/26,TXO,201810W5,9550.0000,買權,113,169,111,145,3995,-,-,143,168,290,95,,盤後,
2018/10/26,TXO,201810W5,9550.0000,賣權,100,224,95,162,8718,162,3144,162,166,224,36.5,,一般,
2018/10/26,TXO,201810W5,9550.0000,賣權,130,138,65,97,4021,-,-,92,97,208,36.5,,盤後,
2018/10/26,TXO,201810W5,9600.0000,買權,103,116,31,42.5,28843,42.5,6788,42,43,256,31,,一般,
2018/10/26,TXO,201810W5,9600.0000,買權,87,134,85,120,7490,-,-,115,120,256,71,,盤後,
2018/10/26,TXO,201810W5,9600.0000,賣權,130,259,115,195,5946,190,3037,190,195,259,20,,一般,
2018/10/26,TXO,201810W5,9600.0000,賣權,154,163,77,111,3758,-,-,110,116,231,20,,盤後,
2018/10/26,TXO,201810W5,9650.0000,買權,77,88,20.5,27.5,27551,27.5,5857,27,28,218,20.5,,一般,
2018/10/26,TXO,201810W5,9650.0000,買權,66,101,64,86,8740,-,-,85,90,218,52,,盤後,
2018/10/26,TXO,201810W5,9650.0000,賣權,149,300,138,232,2893,224,2006,224,233,300,54,,一般,
2018/10/26,TXO,201810W5,9650.0000,賣權,185,191,90,141,2072,-,-,141,142,272,54,,盤後,
2018/10/26,TXO,201810W5,9700.0000,買權,56,65,12.5,17,30341,17,8454,17,17.5,183,12.5,,一般,
2018/10/26,TXO,201810W5,9700.0000,買權,47,75,46,65,8581,-,-,64,66,183,35.5,,盤後,
2018/10/26,TXO,201810W5,9700.0000,賣權,186,340,164,273,2182,264,2267,264,272,340,21,,一般,
2018/10/26,TXO,201810W5,9700.0000,賣權,218,223,117,158,1048,-,-,152,172,297,21,,盤後,
2018/10/26,TXO,201810W5,9750.0000,買權,35.5,46.5,7.5,10.5,25952,10.5,10818,10,10.5,149,7.5,,一般,
2018/10/26,TXO,201810W5,9750.0000,買權,32.5,56,32,46,7653,-,-,46.5,47,149,24,,盤後,
2018/10/26,TXO,201810W5,9750.0000,賣權,229,373,198,303,718,303,1819,305,316,373,75,,一般,
2018/10/26,TXO,201810W5,9750.0000,賣權,248,257,142,170,419,-,-,170,201,335,75,,盤後,
2018/10/26,TXO,201810W5,9800.0000,買權,25,31,4.7,6.6,26062,6.6,13769,6.2,6.6,118,4.7,,一般,
2018/10/26,TXO,201810W5,9800.0000,買權,22,37.5,21,33.5,10351,-,-,33.5,34,118,15,,盤後,
2018/10/26,TXO,201810W5,9800.0000,賣權,253,422,234,348,418,348,1646,350,362,422,56,,一般,
2018/10/26,TXO,201810W5,9800.0000,賣權,298,298,161,220,194,-,-,209,278,388,56,,盤後,
2018/10/26,TXO,201810W5,9850.0000,買權,17.5,20,2.8,4.1,16781,4.1,12626,4.1,4.4,92,2.8,,一般,
2018/10/26,TXO,201810W5,9850.0000,買權,14.5,24,14,22.5,8593,-,-,22.5,23,92,9.5,,盤後,
2018/10/26,TXO,201810W5,9850.0000,賣權,304,474,297,399,45,394,708,399,410,474,74,,一般,
2018/10/26,TXO,201810W5,9850.0000,賣權,310,325,253,253,34,-,-,211,295,417,74,,盤後,
2018/10/26,TXO,201810W5,9900.0000,買權,11.5,12,1.9,2.8,12203,2.8,13977,2.8,2.9,68,1.9,,一般,
2018/10/26,TXO,201810W5,9900.0000,買權,8.9,16,8.9,14,9258,-,-,14,15.5,68,5.6,,盤後,
2018/10/26,TXO,201810W5,9900.0000,賣權,350,520,339,453,177,443,228,446,459,520,151,,一般,
2018/10/26,TXO,201810W5,9900.0000,賣權,350,368,258,300,95,-,-,182,379,455,151,,盤後,
2018/10/26,TXO,201810W5,9950.0000,買權,5.9,6.9,1.3,2,8122,2,6796,1.9,2.1,48,1.3,,一般,
2018/10/26,TXO,201810W5,9950.0000,買權,5,9.7,5,8.1,2525,-,-,8.1,8.4,48,3.6,,盤後,
2018/10/26,TXO,201810W5,9950.0000,賣權,381,540,381,495,30,492,48,494,510,540,197,,一般,
2018/10/26,TXO,201810W5,9950.0000,賣權,425,425,350,350,5,-,-,183,500,500,197,,盤後,
2018/10/26,TXO,201810W5,10000.0000,買權,4,4,0.9,1.5,7709,1.5,8311,1.3,1.6,33,0.9,,一般,
2018/10/26,TXO,201810W5,10000.0000,買權,4,5.9,3,5.5,1505,-,-,4.5,5.5,33,1.8,,盤後,
2018/10/26,TXO,201810W5,10000.0000,賣權,600,600,530,530,11,540,132,545,560,600,222,,一般,
2018/10/26,TXO,201810W5,10000.0000,賣權,460,460,428,428,2,-,-,218,600,600,222,,盤後,
2018/10/26,TXO,201810W5,10050.0000,買權,2.5,2.5,0.8,1.2,7102,1.2,8241,1.1,1.2,21.5,0.8,,一般,
2018/10/26,TXO,201810W5,10050.0000,買權,2.9,4.5,2.7,3.4,786,-,-,3.4,4,21.5,1.7,,盤後,
2018/10/26,TXO,201810W5,10050.0000,賣權,-,-,-,-,0,590,55,-,-,-,-,,一般,
2018/10/26,TXO,201810W5,10050.0000,賣權,-,-,-,-,0,-,-,-,-,-,-,,盤後,
2018/10/26,TXO,201810W5,10100.0000,買權,1.4,1.4,0.7,0.9,2342,0.9,5355,0.8,1.1,13.5,0.7,,一般,
2018/10/26,TXO,201810W5,10100.0000,買權,2.1,2.7,1.7,2.1,548,-,-,2,2.3,13.5,0.9,,盤後,
2018/10/26,TXO,201810W5,10100.0000,賣權,-,-,-,-,0,640,51,-,-,-,-,,一般,
2018/10/26,TXO,201810W5,10100.0000,賣權,-,-,-,-,0,-,-,-,-,-,-,,盤後,
2018/10/26,TXO,201810W5,10200.0000,買權,1,1,0.5,0.5,1314,0.5,5788,0.4,0.7,5.4,0.5,,一般,
2018/10/26,TXO,201810W5,10200.0000,買權,1.3,1.4,1,1.1,242,-,-,1,1.2,5.4,0.8,,盤後,
2018/10/26,TXO,201810W5,10200.0000,賣權,-,-,-,-,0,740,30,-,-,-,-,,一般,
2018/10/26,TXO,201810W5,10200.0000,賣權,-,-,-,-,0,-,-,-,-,-,-,,盤後,
2018/10/26,TXO,201810W5,10300.0000,買權,0.3,0.6,0.3,0.3,1414,0.3,2914,0.2,0.5,2.5,0.2,,一般,
2018/10/26,TXO,201810W5,10300.0000,買權,0.6,0.7,0.2,0.2,82,-,-,0.6,0.8,2.5,0.2,,盤後,
2018/10/26,TXO,201810W5,10300.0000,賣權,-,-,-,-,0,840,6,-,-,-,-,,一般,
2018/10/26,TXO,201810W5,10300.0000,賣權,-,-,-,-,0,-,-,-,-,-,-,,盤後,
2018/10/26,TXO,201810W5,10400.0000,買權,0.4,0.4,0.2,0.2,1001,0.2,2435,0.2,0.4,1.5,0.2,,一般,
2018/10/26,TXO,201810W5,10400.0000,買權,0.3,0.5,0.3,0.5,141,-,-,0.3,0.6,1.5,0.3,,盤後,
2018/10/26,TXO,201810W5,10400.0000,賣權,-,-,-,-,0,940,6,-,-,-,-,,一般,
2018/10/26,TXO,201810W5,10400.0000,賣權,-,-,-,-,0,-,-,-,-,-,-,,盤後,
2018/10/26,TXO,201810W5,10500.0000,買權,0.4,0.4,0.1,0.1,396,0.1,1176,0.1,0.2,1.2,0.1,,一般,
2018/10/26,TXO,201810W5,10500.0000,買權,0.3,0.3,0.3,0.3,3,-,-,0.2,0.3,1.2,0.2,,盤後,
2018/10/26,TXO,201810W5,10500.0000,賣權,-,-,-,-,0,1040,2,-,-,-,-,,一般,
2018/10/26,TXO,201810W5,10500.0000,賣權,-,-,-,-,0,-,-,-,-,-,-,,盤後,
2018/10/26,TXO,201811  ,8000.0000,買權,-,-,-,-,0,1450,0,-,-,-,-,,一般,
2018/10/26,TXO,201811  ,8000.0000,賣權,12.5,32,12.5,23,3942,23,2984,23,23.5,32,12.5,,一般,
2018/10/26,TXO,201811  ,8100.0000,買權,-,-,-,-,0,1350,0,-,-,-,-,,一般,
2018/10/26,TXO,201811  ,8100.0000,賣權,9,38,9,28,615,28,410,26.5,30,38,9,,一般,
2018/10/26,TXO,201811  ,8200.0000,買權,1320,1320,1200,1290,23,1260,20,1200,1300,1320,1200,,一般,
2018/10/26,TXO,201811  ,8200.0000,買權,-,-,-,-,0,-,-,-,-,-,-,,盤後,
2018/10/26,TXO,201811  ,8200.0000,賣權,20.5,44.5,20.5,32.5,2772,32.5,3076,29,32.5,46,16,,一般,
2018/10/26,TXO,201811  ,8200.0000,賣權,26,26,16,17,647,-,-,16.5,17.5,46,16,,盤後,
2018/10/26,TXO,201811  ,8300.0000,買權,1150,1150,1140,1140,3,1160,33,1150,1170,1690,1140,,一般,
2018/10/26,TXO,201811  ,8300.0000,買權,-,-,-,-,0,-,-,-,-,-,-,,盤後,
2018/10/26,TXO,201811  ,8300.0000,賣權,22.5,52,22.5,38,4591,38,9289,37.5,38,53,10,,一般,
2018/10/26,TXO,201811  ,8300.0000,賣權,29,30,20,20,551,-,-,20,22,53,10,,盤後,
2018/10/26,TXO,201811  ,8400.0000,買權,1120,1140,1020,1090,32,1070,6,1020,1090,1500,1020,,一般,
2018/10/26,TXO,201811  ,8400.0000,買權,-,-,-,-,0,-,-,-,-,-,-,,盤後,
2018/10/26,TXO,201811  ,8400.0000,賣權,27.5,60,27.5,45,1154,45,4396,43.5,45,63,12,,一般,
2018/10/26,TXO,201811  ,8400.0000,賣權,35.5,37,24,26,429,-,-,24.5,27.5,63,12,,盤後,
2018/10/26,TXO,201811  ,8500.0000,買權,-,-,-,-,0,975,3,-,-,-,-,,一般,
2018/10/26,TXO,201811  ,8500.0000,買權,-,-,-,-,0,-,-,-,-,-,-,,盤後,
2018/10/26,TXO,201811  ,8500.0000,賣權,33.5,69,33.5,53,2248,53,4718,52,53,80,13.5,,一般,
2018/10/26,TXO,201811  ,8500.0000,賣權,43,44.5,29,30,538,-,-,26.5,30,80,13.5,,盤後,
2018/10/26,TXO,201811  ,8600.0000,買權,935,945,880,880,14,880,334,830,890,1360,880,,一般,
2018/10/26,TXO,201811  ,8600.0000,買權,-,-,-,-,0,-,-,-,-,-,-,,盤後,
2018/10/26,TXO,201811  ,8600.0000,賣權,40,81,40,61,2197,61,3683,60,62,88,16,,一般,
2018/10/26,TXO,201811  ,8600.0000,賣權,52,52,31,31.5,489,-,-,32,33.5,88,16,,盤後,
2018/10/26,TXO,201811  ,8700.0000,買權,-,-,-,-,0,795,11,-,-,-,-,,一般,
2018/10/26,TXO,201811  ,8700.0000,買權,-,-,-,-,0,-,-,-,-,-,-,,盤後,
2018/10/26,TXO,201811  ,8700.0000,賣權,50,92,50,72,2057,72,5161,71,72,102,18.5,,一般,
2018/10/26,TXO,201811  ,8700.0000,賣權,61,61,36.5,36.5,1648,-,-,37,45,102,18.5,,盤後,
2018/10/26,TXO,201811  ,8800.0000,買權,670,670,660,660,2,710,256,655,710,1230,660,,一般,
2018/10/26,TXO,201811  ,8800.0000,買權,795,830,790,830,17,-,-,800,1700,1230,745,,盤後,
2018/10/26,TXO,201811  ,8800.0000,賣權,60,107,60,85,3777,85,11479,82,85,128,13,,一般,
2018/10/26,TXO,201811  ,8800.0000,賣權,71,72,43,49,1172,-,-,47,48.5,128,13,,盤後,
2018/10/26,TXO,201811  ,8900.0000,買權,575,635,575,635,13,620,77,610,630,1080,575,,一般,
2018/10/26,TXO,201811  ,8900.0000,買權,-,-,-,-,0,-,-,-,-,-,-,,盤後,
2018/10/26,TXO,201811  ,8900.0000,賣權,69,124,69,97,4389,97,4575,96,99,143,15,,一般,
2018/10/26,TXO,201811  ,8900.0000,賣權,85,86,56,56,704,-,-,56,67,143,15,,盤後,
2018/10/26,TXO,201811  ,9000.0000,買權,620,625,505,545,281,545,342,530,540,1440,505,,一般,
2018/10/26,TXO,201811  ,9000.0000,買權,625,650,625,650,16,-,-,130,-,1440,575,,盤後,
2018/10/26,TXO,201811  ,9000.0000,賣權,83,145,83,115,7092,115,10040,114,116,156,5,,一般,
2018/10/26,TXO,201811  ,9000.0000,賣權,100,102,66,71,2835,-,-,71,73,156,5,,盤後,
2018/10/26,TXO,201811  ,9100.0000,買權,520,520,430,465,188,465,321,453,464,1960,166,,一般,
2018/10/26,TXO,201811  ,9100.0000,買權,545,555,545,555,6,-,-,130,-,1960,166,,盤後,
2018/10/26,TXO,201811  ,9100.0000,賣權,100,169,99,136,4261,136,6426,134,139,169,6,,一般,
2018/10/26,TXO,201811  ,9100.0000,賣權,119,119,80,87,1881,-,-,86,87,166,6,,盤後,
2018/10/26,TXO,201811  ,9200.0000,買權,467,467,345,394,262,383,586,381,388,870,345,,一般,
2018/10/26,TXO,201811  ,9200.0000,買權,460,477,448,477,12,-,-,430,-,870,416,,盤後,
2018/10/26,TXO,201811  ,9200.0000,賣權,119,200,118,159,4990,159,7027,160,165,200,6.8,,一般,
2018/10/26,TXO,201811  ,9200.0000,賣權,138,142,92,94,1276,-,-,96,101,200,6.8,,盤後,
2018/10/26,TXO,201811  ,9300.0000,買權,385,396,281,318,475,318,795,309,318,800,281,,一般,
2018/10/26,TXO,201811  ,9300.0000,買權,370,421,367,421,56,-,-,371,500,800,341,,盤後,
2018/10/26,TXO,201811  ,9300.0000,賣權,144,236,143,192,5240,192,8274,190,195,236,7.7,,一般,
2018/10/26,TXO,201811  ,9300.0000,賣權,167,170,110,127,955,-,-,120,128,230,7.7,,盤後,
2018/10/26,TXO,201811  ,9400.0000,買權,318,336,220,251,1434,251,2092,248,255,670,220,,一般,
2018/10/26,TXO,201811  ,9400.0000,買權,301,356,299,350,127,-,-,310,400,670,271,,盤後,
2018/10/26,TXO,201811  ,9400.0000,賣權,173,278,170,228,5038,228,7010,226,233,350,8.6,,一般,
2018/10/26,TXO,201811  ,9400.0000,賣權,196,201,143,158,1104,-,-,150,169,350,8.6,,盤後,
2018/10/26,TXO,201811  ,9500.0000,買權,254,273,166,193,4555,193,3536,191,196,625,166,,一般,
2018/10/26,TXO,201811  ,9500.0000,買權,239,286,238,262,368,-,-,260,317,625,192,,盤後,
2018/10/26,TXO,201811  ,9500.0000,賣權,207,324,202,272,4424,272,8719,268,273,324,9.9,,一般,
2018/10/26,TXO,201811  ,9500.0000,賣權,235,238,168,194,2059,-,-,183,193,300,9.9,,盤後,
2018/10/26,TXO,201811  ,9600.0000,買權,201,212,123,145,10000,145,5026,144,145,1430,123,,一般,
2018/10/26,TXO,201811  ,9600.0000,買權,183,230,182,183,1085,-,-,183,205,1430,157,,盤後,
2018/10/26,TXO,201811  ,9600.0000,賣權,249,380,241,319,2928,319,6662,319,323,1040,11,,一般,
2018/10/26,TXO,201811  ,9600.0000,賣權,279,283,192,230,665,-,-,191,255,1040,11,,盤後,
2018/10/26,TXO,201811  ,9700.0000,買權,149,160,86,102,7095,102,5461,102,103,1300,86,,一般,
2018/10/26,TXO,201811  ,9700.0000,買權,136,179,134,153,1153,-,-,150,162,1300,115,,盤後,
2018/10/26,TXO,201811  ,9700.0000,賣權,299,440,288,371,2412,378,7007,377,386,440,12.5,,一般,
2018/10/26,TXO,201811  ,9700.0000,賣權,332,335,244,245,540,-,-,245,310,425,12.5,,盤後,
2018/10/26,TXO,201811  ,9800.0000,買權,103,114,58,70,9555,70,10124,70,71,432,58,,一般,
2018/10/26,TXO,201811  ,9800.0000,買權,95,127,94,106,2039,-,-,106,111,432,80,,盤後,
2018/10/26,TXO,201811  ,9800.0000,賣權,364,515,346,445,1081,445,7415,444,455,515,12.5,,一般,
2018/10/26,TXO,201811  ,9800.0000,賣權,392,392,294,330,505,-,-,290,333,490,12.5,,盤後,
2018/10/26,TXO,201811  ,9900.0000,買權,75,77,36,46,12798,46,10631,46,47,1150,36,,一般,
2018/10/26,TXO,201811  ,9900.0000,買權,61,88,61,88,2197,-,-,73,87,1150,54,,盤後,
2018/10/26,TXO,201811  ,9900.0000,賣權,433,595,408,520,364,520,4767,520,570,595,16.5,,一般,
2018/10/26,TXO,201811  ,9900.0000,賣權,461,461,390,401,176,-,-,230,450,555,16.5,,盤後,
2018/10/26,TXO,201811  ,10000.0000,買權,50,50,22.5,29,12517,29,16943,29,30,995,22.5,,一般,
2018/10/26,TXO,201811  ,10000.0000,買權,42,61,40,50,2535,-,-,49.5,54,995,33.5,,盤後,
2018/10/26,TXO,201811  ,10000.0000,賣權,505,685,497,595,185,605,3277,555,650,685,18.5,,一般,
2018/10/26,TXO,201811  ,10000.0000,賣權,510,520,435,435,41,-,-,440,500,635,18.5,,盤後,
2018/10/26,TXO,201811  ,10100.0000,買權,30,31,14,18.5,8860,18.5,12336,18.5,19,855,14,,一般,
2018/10/26,TXO,201811  ,10100.0000,買權,25.5,35,25,31,1800,-,-,31,32.5,855,20,,盤後,
2018/10/26,TXO,201811  ,10100.0000,賣權,595,765,585,680,133,695,1927,690,725,765,22,,一般,
2018/10/26,TXO,201811  ,10100.0000,賣權,595,600,560,560,29,-,-,500,595,710,22,,盤後,
2018/10/26,TXO,201811  ,10200.0000,買權,18,19,9.1,12.5,7238,12.5,14392,12,12.5,775,9.1,,一般,
2018/10/26,TXO,201811  ,10200.0000,買權,15,22,15,19.5,1765,-,-,19.5,21,775,12.5,,盤後,
2018/10/26,TXO,201811  ,10200.0000,賣權,720,855,690,765,53,790,1530,745,845,855,27,,一般,
2018/10/26,TXO,201811  ,10200.0000,賣權,685,685,610,610,3,-,-,530,1420,785,27,,盤後,
2018/10/26,TXO,201811  ,10300.0000,買權,13,13,5.7,8.1,7200,8.1,13837,8,8.2,710,5.7,,一般,
2018/10/26,TXO,201811  ,10300.0000,買權,11,14.5,10,13,936,-,-,12,13,710,8,,盤後,
2018/10/26,TXO,201811  ,10300.0000,賣權,790,940,790,870,68,885,3461,870,890,940,32,,一般,
2018/10/26,TXO,201811  ,10300.0000,賣權,780,790,780,790,4,-,-,510,785,900,32,,盤後,
2018/10/26,TXO,201811  ,10400.0000,買權,8.7,8.7,4.1,6.2,3120,6.2,12181,5.3,6.2,640,4.1,,一般,
2018/10/26,TXO,201811  ,10400.0000,買權,7.2,10.5,7,10,846,-,-,9.2,10,640,5,,盤後,
2018/10/26,TXO,201811  ,10400.0000,賣權,865,1030,865,960,48,980,1868,810,1000,1030,40,,一般,
2018/10/26,TXO,201811  ,10400.0000,賣權,875,890,870,890,4,-,-,750,1660,960,40,,盤後,
2018/10/26,TXO,201811  ,10500.0000,買權,5.4,5.5,3.4,5,2420,5,12269,4.8,5,570,3.4,,一般,
2018/10/26,TXO,201811  ,10500.0000,買權,5.6,7.5,5.1,7.2,426,-,-,7,7.2,570,4.3,,盤後,
2018/10/26,TXO,201811  ,10500.0000,賣權,970,1150,970,1110,19,1080,5191,1030,1130,1280,49.5,,一般,
2018/10/26,TXO,201811  ,10500.0000,賣權,975,990,950,950,10,-,-,705,1500,1280,49.5,,盤後,
2018/10/26,TXO,201811  ,10600.0000,買權,4.8,4.8,3,3.7,1501,3.7,9591,3.3,4.1,510,3,,一般,
2018/10/26,TXO,201811  ,10600.0000,買權,4.3,5.5,4.1,4.8,335,-,-,4.6,6.2,510,3.5,,盤後,
2018/10/26,TXO,201811  ,10600.0000,賣權,1080,1230,1080,1160,5,1180,1523,1130,1190,1230,65,,一般,
2018/10/26,TXO,201811  ,10600.0000,賣權,1090,1090,1000,1000,6,-,-,815,-,1150,65,,盤後,
2018/10/26,TXO,201811  ,10700.0000,買權,3.4,3.5,2.5,3.3,852,3.3,5790,2.8,3.6,440,2.5,,一般,
2018/10/26,TXO,201811  ,10700.0000,買權,3.9,4.7,3.9,4,50,-,-,4.1,6.7,440,3,,盤後,
2018/10/26,TXO,201811  ,10700.0000,賣權,1170,1330,1170,1310,4,1280,1321,1260,1330,1330,84,,一般,
2018/10/26,TXO,201811  ,10700.0000,賣權,-,-,-,-,0,-,-,-,-,-,-,,盤後,
2018/10/26,TXO,201811  ,10800.0000,買權,2.6,3.2,2.1,2.6,4150,2.6,13672,2.6,2.7,421,2.1,,一般,
2018/10/26,TXO,201811  ,10800.0000,買權,3.6,4.4,2.3,4.2,329,-,-,3,4.2,421,2.3,,盤後,
2018/10/26,TXO,201811  ,10800.0000,賣權,1260,1430,1260,1410,24,1380,1629,1330,1430,1430,109,,一般,
2018/10/26,TXO,201811  ,10800.0000,賣權,1220,1220,1220,1220,1,-,-,1020,2000,1320,109,,盤後,
2018/10/26,TXO,201811  ,10900.0000,買權,2.4,2.8,2,2.6,158,2.6,4996,2.3,2.5,295,2,,一般,
2018/10/26,TXO,201811  ,10900.0000,買權,3,3.1,2.8,2.8,12,-,-,2.5,3.3,295,2.4,,盤後,
2018/10/26,TXO,201811  ,10900.0000,賣權,-,-,-,-,0,1480,272,-,-,-,-,,一般,
2018/10/26,TXO,201811  ,10900.0000,賣權,-,-,-,-,0,-,-,-,-,-,-,,盤後,
2018/10/26,TXO,201811  ,11000.0000,買權,2.2,2.5,1.9,2,493,2,6158,2,2.1,283,1.9,,一般,
2018/10/26,TXO,201811  ,11000.0000,買權,2.9,3.5,2.7,3.3,20,-,-,1.6,3.1,283,1.9,,盤後,
2018/10/26,TXO,201811  ,11000.0000,賣權,-,-,-,-,0,1580,190,-,-,-,-,,一般,
2018/10/26,TXO,201811  ,11000.0000,賣權,-,-,-,-,0,-,-,-,-,-,-,,盤後,
2018/10/26,TXO,201811  ,11100.0000,買權,1.9,2.3,1.9,2,329,2,2608,1.8,2,227,1.8,,一般,
2018/10/26,TXO,201811  ,11100.0000,買權,2.7,3.2,2.4,3.1,9,-,-,1,2.9,227,1.8,,盤後,
2018/10/26,TXO,201811  ,11100.0000,賣權,1670,1750,1670,1680,34,1680,110,1660,1710,1750,214,,一般,
2018/10/26,TXO,201811  ,11100.0000,賣權,1580,1580,1580,1580,5,-,-,1100,-,1580,214,,盤後,
2018/10/26,TXO,201811  ,11200.0000,買權,2,2.2,1.7,1.9,502,1.9,3443,0.1,1.9,250,1.6,,一般,
2018/10/26,TXO,201811  ,11200.0000,買權,1.7,1.7,1.6,1.6,2,-,-,2,3.1,250,1.6,,盤後,
2018/10/26,TXO,201811  ,11200.0000,賣權,-,-,-,-,0,1780,60,-,-,-,-,,一般,
2018/10/26,TXO,201811  ,11200.0000,賣權,-,-,-,-,0,-,-,-,-,-,-,,盤後,
2018/10/26,TXO,201811  ,11300.0000,買權,1.7,2,1.7,1.7,135,1.7,3898,1,1.8,141,1.5,,一般,
2018/10/26,TXO,201811  ,11300.0000,買權,-,-,-,-,0,-,-,-,-,-,-,,盤後,
2018/10/26,TXO,201811  ,11300.0000,賣權,-,-,-,-,0,1880,61,-,-,-,-,,一般,
2018/10/26,TXO,201811  ,11300.0000,賣權,-,-,-,-,0,-,-,-,-,-,-,,盤後,
2018/10/26,TXO,201811  ,11400.0000,買權,1.4,1.6,1.3,1.4,177,1.4,2937,1.1,1.6,100,0.4,,一般,
2018/10/26,TXO,201811  ,11400.0000,買權,-,-,-,-,0,-,-,-,-,-,-,,盤後,
2018/10/26,TXO,201811  ,11400.0000,賣權,-,-,-,-,0,1980,66,-,-,-,-,,一般,
2018/10/26,TXO,201811  ,11400.0000,賣權,-,-,-,-,0,-,-,-,-,-,-,,盤後,
2018/10/26,TXO,201811  ,11500.0000,買權,1.2,1.3,1,1,114,1,1856,0.1,2,73,1,,一般,
2018/10/26,TXO,201811  ,11500.0000,買權,-,-,-,-,0,-,-,-,-,-,-,,盤後,
2018/10/26,TXO,201811  ,11500.0000,賣權,-,-,-,-,0,2080,38,-,-,-,-,,一般,
2018/10/26,TXO,201811  ,11500.0000,賣權,-,-,-,-,0,-,-,-,-,-,-,,盤後,
2018/10/26,TXO,201811  ,11600.0000,買權,1,1.1,1,1.1,53,0.9,2219,0.1,1.1,52,1,,一般,
2018/10/26,TXO,201811  ,11600.0000,買權,-,-,-,-,0,-,-,-,-,-,-,,盤後,
2018/10/26,TXO,201811  ,11600.0000,賣權,-,-,-,-,0,2180,0,-,-,-,-,,一般,
2018/10/26,TXO,201811  ,11600.0000,賣權,-,-,-,-,0,-,-,-,-,-,-,,盤後,
2018/10/26,TXO,201811  ,11700.0000,買權,0.9,0.9,0.9,0.9,11,0.9,2346,0.1,1,37,0.9,,一般,
2018/10/26,TXO,201811  ,11700.0000,買權,-,-,-,-,0,-,-,-,-,-,-,,盤後,
2018/10/26,TXO,201811  ,11700.0000,賣權,-,-,-,-,0,2280,1,-,-,-,-,,一般,
2018/10/26,TXO,201811  ,11700.0000,賣權,-,-,-,-,0,-,-,-,-,-,-,,盤後,
2018/10/26,TXO,201811  ,11800.0000,買權,0.8,0.8,0.8,0.8,11,0.8,1968,0.1,1.4,24,0.8,,一般,
2018/10/26,TXO,201811  ,11800.0000,買權,-,-,-,-,0,-,-,-,-,-,-,,盤後,
2018/10/26,TXO,201811  ,11800.0000,賣權,-,-,-,-,0,2380,4,-,-,-,-,,一般,
2018/10/26,TXO,201811  ,11800.0000,賣權,-,-,-,-,0,-,-,-,-,-,-,,盤後,
2018/10/26,TXO,201811  ,11900.0000,買權,0.7,0.7,0.7,0.7,3,0.7,762,0.1,1.3,15.5,0.7,,一般,
2018/10/26,TXO,201811  ,11900.0000,買權,-,-,-,-,0,-,-,-,-,-,-,,盤後,
2018/10/26,TXO,201811  ,11900.0000,賣權,-,-,-,-,0,2480,3,-,-,-,-,,一般,
2018/10/26,TXO,201811  ,11900.0000,賣權,-,-,-,-,0,-,-,-,-,-,-,,盤後,
2018/10/26,TXO,201811  ,12000.0000,買權,0.6,0.7,0.6,0.7,9,0.7,1668,-,1.2,12,0.1,,一般,
2018/10/26,TXO,201811  ,12000.0000,買權,-,-,-,-,0,-,-,-,-,-,-,,盤後,
2018/10/26,TXO,201811  ,12000.0000,賣權,-,-,-,-,0,2580,1,-,-,-,-,,一般,
2018/10/26,TXO,201811  ,12000.0000,賣權,-,-,-,-,0,-,-,-,-,-,-,,盤後,
2018/10/26,TXO,201811  ,12100.0000,買權,-,-,-,-,0,0.6,907,-,-,-,-,,一般,
2018/10/26,TXO,201811  ,12100.0000,買權,-,-,-,-,0,-,-,-,-,-,-,,盤後,
2018/10/26,TXO,201811  ,12100.0000,賣權,-,-,-,-,0,2680,1,-,-,-,-,,一般,
2018/10/26,TXO,201811  ,12100.0000,賣權,-,-,-,-,0,-,-,-,-,-,-,,盤後,
2018/10/26,TXO,201811  ,12200.0000,買權,-,-,-,-,0,0.5,356,-,-,-,-,,一般,
2018/10/26,TXO,201811  ,12200.0000,買權,-,-,-,-,0,-,-,-,-,-,-,,盤後,
2018/10/26,TXO,201811  ,12200.0000,賣權,-,-,-,-,0,2780,0,-,-,-,-,,一般,
2018/10/26,TXO,201811  ,12200.0000,賣權,-,-,-,-,0,-,-,-,-,-,-,,盤後,
2018/10/26,TXO,201811  ,12300.0000,買權,0.4,0.4,0.4,0.4,1,0.4,525,0.1,0.6,3.5,0.4,,一般,
2018/10/26,TXO,201811  ,12300.0000,買權,-,-,-,-,0,-,-,-,-,-,-,,盤後,
2018/10/26,TXO,201811  ,12300.0000,賣權,-,-,-,-,0,2880,0,-,-,-,-,,一般,
2018/10/26,TXO,201811  ,12300.0000,賣權,-,-,-,-,0,-,-,-,-,-,-,,盤後,
2018/10/26,TXO,201811  ,12400.0000,買權,0.3,0.3,0.3,0.3,2,0.3,242,0.1,0.5,3.9,0.3,,一般,
2018/10/26,TXO,201811  ,12400.0000,買權,-,-,-,-,0,-,-,-,-,-,-,,盤後,
2018/10/26,TXO,201811  ,12400.0000,賣權,-,-,-,-,0,2980,3,-,-,-,-,,一般,
2018/10/26,TXO,201811  ,12400.0000,賣權,-,-,-,-,0,-,-,-,-,-,-,,盤後,
2018/10/26,TXO,201811  ,12500.0000,買權,0.3,0.3,0.3,0.3,9,0.3,89,0.1,0.4,2.1,0.3,,一般,
2018/10/26,TXO,201811  ,12500.0000,買權,-,-,-,-,0,-,-,-,-,-,-,,盤後,
2018/10/26,TXO,201811  ,12500.0000,賣權,-,-,-,-,0,3080,0,-,-,-,-,,一般,
2018/10/26,TXO,201811  ,12500.0000,賣權,-,-,-,-,0,-,-,-,-,-,-,,盤後,
2018/10/26,TXO,201811  ,12600.0000,買權,0.2,0.3,0.2,0.3,2,0.3,587,0.1,0.3,2,0.1,,一般,
2018/10/26,TXO,201811  ,12600.0000,買權,-,-,-,-,0,-,-,-,-,-,-,,盤後,
2018/10/26,TXO,201811  ,12600.0000,賣權,-,-,-,-,0,3180,0,-,-,-,-,,一般,
2018/10/26,TXO,201811  ,12600.0000,賣權,-,-,-,-,0,-,-,-,-,-,-,,盤後,
2018/10/26,TXO,201811  ,12700.0000,買權,0.2,0.2,0.2,0.2,12,0.2,593,0.1,0.2,3.1,0.2,,一般,
2018/10/26,TXO,201811  ,12700.0000,買權,-,-,-,-,0,-,-,-,-,-,-,,盤後,
2018/10/26,TXO,201811  ,12700.0000,賣權,-,-,-,-,0,3270,0,-,-,-,-,,一般,
2018/10/26,TXO,201811  ,12700.0000,賣權,-,-,-,-,0,-,-,-,-,-,-,,盤後,
2018/10/26,TXO,201811  ,12800.0000,買權,0.2,0.3,0.1,0.2,15,0.2,617,0.1,0.2,200,0.1,,一般,
2018/10/26,TXO,201811  ,12800.0000,買權,0.3,0.3,0.3,0.3,1,-,-,0.1,0.3,200,0.2,,盤後,
2018/10/26,TXO,201811  ,12800.0000,賣權,-,-,-,-,0,3370,0,-,-,-,-,,一般,
2018/10/26,TXO,201811  ,12800.0000,賣權,-,-,-,-,0,-,-,-,-,-,-,,盤後,
2018/10/26,TXO,201812  ,8000.0000,買權,-,-,-,-,0,1460,0,-,-,-,-,,一般,
2018/10/26,TXO,201812  ,8000.0000,賣權,36,62,36,55,2202,55,2064,50,57,62,36,,一般,
2018/10/26,TXO,201812  ,8100.0000,買權,-,-,-,-,0,1370,0,-,-,-,-,,一般,
2018/10/26,TXO,201812  ,8100.0000,賣權,46.5,67,46.5,61,11,61,7,46,150,67,46.5,,一般,
2018/10/26,TXO,201812  ,8200.0000,買權,-,-,-,-,0,1280,1,-,-,-,-,,一般,
2018/10/26,TXO,201812  ,8200.0000,買權,-,-,-,-,0,-,-,-,-,-,-,,盤後,
2018/10/26,TXO,201812  ,8200.0000,賣權,47,77,47,68,529,68,4013,66,70,90,5.1,,一般,
2018/10/26,TXO,201812  ,8200.0000,賣權,54,54,45.5,45.5,37,-,-,43,52,90,5.1,,盤後,
2018/10/26,TXO,201812  ,8300.0000,買權,-,-,-,-,0,1190,0,-,-,-,-,,一般,
2018/10/26,TXO,201812  ,8300.0000,買權,-,-,-,-,0,-,-,-,-,-,-,,盤後,
2018/10/26,TXO,201812  ,8300.0000,賣權,58,87,58,78,141,78,360,50,84,87,4.1,,一般,
2018/10/26,TXO,201812  ,8300.0000,賣權,60,60,52,54,3,-,-,51,62,80,4.1,,盤後,
2018/10/26,TXO,201812  ,8400.0000,買權,-,-,-,-,0,1090,0,-,-,-,-,,一般,
2018/10/26,TXO,201812  ,8400.0000,買權,-,-,-,-,0,-,-,-,-,-,-,,盤後,
2018/10/26,TXO,201812  ,8400.0000,賣權,70,98,69,83,52,83,1892,86,95,120,7,,一般,
2018/10/26,TXO,201812  ,8400.0000,賣權,75,75,75,75,5,-,-,57,81,120,7,,盤後,
2018/10/26,TXO,201812  ,8500.0000,買權,-,-,-,-,0,1010,0,-,-,-,-,,一般,
2018/10/26,TXO,201812  ,8500.0000,買權,-,-,-,-,0,-,-,-,-,-,-,,盤後,
2018/10/26,TXO,201812  ,8500.0000,賣權,78,111,78,98,170,98,918,93,124,111,4.1,,一般,
2018/10/26,TXO,201812  ,8500.0000,賣權,80,80,68,68,4,-,-,58,89,100,4.1,,盤後,
2018/10/26,TXO,201812  ,8600.0000,買權,-,-,-,-,0,920,0,-,-,-,-,,一般,
2018/10/26,TXO,201812  ,8600.0000,買權,-,-,-,-,0,-,-,-,-,-,-,,盤後,
2018/10/26,TXO,201812  ,8600.0000,賣權,82,124,82,105,182,105,2661,83,115,208,8.5,,一般,
2018/10/26,TXO,201812  ,8600.0000,賣權,85,86,66,70,20,-,-,65,88,208,8.5,,盤後,
2018/10/26,TXO,201812  ,8700.0000,買權,-,-,-,-,0,835,0,-,-,-,-,,一般,
2018/10/26,TXO,201812  ,8700.0000,買權,-,-,-,-,0,-,-,-,-,-,-,,盤後,
2018/10/26,TXO,201812  ,8700.0000,賣權,102,141,100,125,480,125,2091,116,127,141,10,,一般,
2018/10/26,TXO,201812  ,8700.0000,賣權,104,110,92,94,30,-,-,76,180,130,10,,盤後,
2018/10/26,TXO,201812  ,8800.0000,買權,-,-,-,-,0,750,5,-,-,-,-,,一般,
2018/10/26,TXO,201812  ,8800.0000,買權,-,-,-,-,0,-,-,-,-,-,-,,盤後,
2018/10/26,TXO,201812  ,8800.0000,賣權,113,161,109,144,342,144,2537,120,253,224,10,,一般,
2018/10/26,TXO,201812  ,8800.0000,賣權,120,122,101,111,48,-,-,111,194,224,10,,盤後,
2018/10/26,TXO,201812  ,8900.0000,買權,625,625,625,625,1,660,2,655,685,780,625,,一般,
2018/10/26,TXO,201812  ,8900.0000,買權,780,780,780,780,1,-,-,288,-,780,780,,盤後,
2018/10/26,TXO,201812  ,8900.0000,賣權,132,185,129,149,441,149,765,130,189,185,11.5,,一般,
2018/10/26,TXO,201812  ,8900.0000,賣權,132,145,113,116,51,-,-,115,144,165,11.5,,盤後,
2018/10/26,TXO,201812  ,9000.0000,買權,665,665,665,665,1,595,24,580,605,2150,600,,一般,
2018/10/26,TXO,201812  ,9000.0000,買權,-,-,-,-,0,-,-,-,-,-,-,,盤後,
2018/10/26,TXO,201812  ,9000.0000,賣權,148,210,145,184,447,184,2503,176,191,315,7.3,,一般,
2018/10/26,TXO,201812  ,9000.0000,賣權,160,161,135,136,58,-,-,130,191,315,7.3,,盤後,
2018/10/26,TXO,201812  ,9100.0000,買權,475,505,475,497,61,515,62,515,525,670,475,,一般,
2018/10/26,TXO,201812  ,9100.0000,買權,-,-,-,-,0,-,-,-,-,-,-,,盤後,
2018/10/26,TXO,201812  ,9100.0000,賣權,169,240,169,208,326,208,1373,202,217,240,18,,一般,
2018/10/26,TXO,201812  ,9100.0000,賣權,184,184,156,156,32,-,-,123,1000,214,18,,盤後,
2018/10/26,TXO,201812  ,9200.0000,買權,463,463,416,429,72,447,73,438,457,1730,416,,一般,
2018/10/26,TXO,201812  ,9200.0000,買權,530,530,530,530,1,-,-,203,-,1730,490,,盤後,
2018/10/26,TXO,201812  ,9200.0000,賣權,196,270,196,238,500,238,7461,232,247,360,15,,一般,
2018/10/26,TXO,201812  ,9200.0000,賣權,209,209,180,183,19,-,-,160,210,360,15,,盤後,
2018/10/26,TXO,201812  ,9300.0000,買權,438,438,360,399,162,384,170,379,391,755,360,,一般,
2018/10/26,TXO,201812  ,9300.0000,買權,457,457,457,457,1,-,-,380,-,755,413,,盤後,
2018/10/26,TXO,201812  ,9300.0000,賣權,226,303,222,275,363,275,855,263,283,303,17,,一般,
2018/10/26,TXO,201812  ,9300.0000,賣權,243,243,209,209,10,-,-,111,288,293,17,,盤後,
2018/10/26,TXO,201812  ,9400.0000,買權,388,388,284,331,265,316,260,318,329,840,284,,一般,
2018/10/26,TXO,201812  ,9400.0000,買權,-,-,-,-,0,-,-,-,-,-,-,,盤後,
2018/10/26,TXO,201812  ,9400.0000,賣權,257,351,257,307,224,307,1154,302,322,400,19,,一般,
2018/10/26,TXO,201812  ,9400.0000,賣權,249,258,235,235,11,-,-,146,1200,400,19,,盤後,
2018/10/26,TXO,201812  ,9500.0000,買權,330,330,238,273,87,273,85,256,272,655,238,,一般,
2018/10/26,TXO,201812  ,9500.0000,買權,325,328,321,321,5,-,-,149,400,655,289,,盤後,
2018/10/26,TXO,201812  ,9500.0000,賣權,291,401,291,352,369,364,855,353,367,401,21,,一般,
2018/10/26,TXO,201812  ,9500.0000,賣權,314,314,268,268,125,-,-,168,311,370,21,,盤後,
2018/10/26,TXO,201812  ,9600.0000,買權,266,266,188,218,157,218,199,207,218,1340,183,,一般,
2018/10/26,TXO,201812  ,9600.0000,買權,265,282,256,281,30,-,-,256,-,1340,183,,盤後,
2018/10/26,TXO,201812  ,9600.0000,賣權,340,435,340,407,62,407,1448,397,408,435,24,,一般,
2018/10/26,TXO,201812  ,9600.0000,賣權,344,350,315,315,47,-,-,250,444,401,24,,盤後,
2018/10/26,TXO,201812  ,9700.0000,買權,215,217,150,177,202,177,154,165,178,495,150,,一般,
2018/10/26,TXO,201812  ,9700.0000,買權,212,243,212,243,22,-,-,89,250,495,190,,盤後,
2018/10/26,TXO,201812  ,9700.0000,賣權,397,505,395,468,14,468,346,453,473,505,28,,一般,
2018/10/26,TXO,201812  ,9700.0000,賣權,395,400,375,375,3,-,-,211,1230,449,28,,盤後,
2018/10/26,TXO,201812  ,9800.0000,買權,167,176,114,141,169,134,309,127,141,1230,114,,一般,
2018/10/26,TXO,201812  ,9800.0000,買權,173,189,173,189,16,-,-,70,201,1230,148,,盤後,
2018/10/26,TXO,201812  ,9800.0000,賣權,441,565,431,525,46,525,1404,510,535,565,30,,一般,
2018/10/26,TXO,201812  ,9800.0000,賣權,452,452,449,449,2,-,-,244,550,530,30,,盤後,
2018/10/26,TXO,201812  ,9900.0000,買權,132,134,84,105,234,105,467,99,106,418,84,,一般,
2018/10/26,TXO,201812  ,9900.0000,買權,133,151,133,151,52,-,-,144,155,418,106,,盤後,
2018/10/26,TXO,201812  ,9900.0000,賣權,520,655,520,585,33,595,1789,580,595,655,35,,一般,
2018/10/26,TXO,201812  ,9900.0000,賣權,476,476,476,476,1,-,-,288,1330,575,35,,盤後,
2018/10/26,TXO,201812  ,10000.0000,買權,102,104,64,77,425,77,1549,73,77,1100,64,,一般,
2018/10/26,TXO,201812  ,10000.0000,買權,101,115,100,115,184,-,-,96,120,1100,86,,盤後,
2018/10/26,TXO,201812  ,10000.0000,賣權,635,720,635,650,25,665,9591,655,670,720,38.5,,一般,
2018/10/26,TXO,201812  ,10000.0000,賣權,570,570,550,550,4,-,-,338,1200,650,38.5,,盤後,
2018/10/26,TXO,201812  ,10100.0000,買權,79,80,48,58,321,58,837,50,62,510,48,,一般,
2018/10/26,TXO,201812  ,10100.0000,買權,75,84,75,79,18,-,-,78,95,510,64,,盤後,
2018/10/26,TXO,201812  ,10100.0000,賣權,795,810,770,770,7,750,586,740,800,810,45.5,,一般,
2018/10/26,TXO,201812  ,10100.0000,賣權,-,-,-,-,0,-,-,-,-,-,-,,盤後,
2018/10/26,TXO,201812  ,10200.0000,買權,54,58,33,42,688,42,1171,35,41,900,33,,一般,
2018/10/26,TXO,201812  ,10200.0000,買權,55,63,55,63,42,-,-,60,65,900,44.5,,盤後,
2018/10/26,TXO,201812  ,10200.0000,賣權,760,870,760,850,5,830,684,825,845,870,54,,一般,
2018/10/26,TXO,201812  ,10200.0000,賣權,720,720,720,720,1,-,-,570,1550,810,54,,盤後,
2018/10/26,TXO,201812  ,10300.0000,買權,40,42,23.5,30,391,30,697,29,33,700,23.5,,一般,
2018/10/26,TXO,201812  ,10300.0000,買權,38,45,38,45,19,-,-,40,47,700,33,,盤後,
2018/10/26,TXO,201812  ,10300.0000,賣權,935,935,935,935,2,920,358,915,975,935,65,,一般,
2018/10/26,TXO,201812  ,10300.0000,賣權,-,-,-,-,0,-,-,-,-,-,-,,盤後,
2018/10/26,TXO,201812  ,10400.0000,買權,29.5,29.5,17,22.5,221,22.5,984,22,26.5,700,17,,一般,
2018/10/26,TXO,201812  ,10400.0000,買權,30,35,29.5,35,36,-,-,34,45,700,23,,盤後,
2018/10/26,TXO,201812  ,10400.0000,賣權,1000,1020,985,985,5,1010,909,1000,1030,1020,75,,一般,
2018/10/26,TXO,201812  ,10400.0000,賣權,-,-,-,-,0,-,-,-,-,-,-,,盤後,
2018/10/26,TXO,201812  ,10500.0000,買權,20.5,20.5,12.5,16,195,16,2114,2.2,16.5,515,12.5,,一般,
2018/10/26,TXO,201812  ,10500.0000,買權,19,24.5,19,24,10,-,-,23,26.5,515,17,,盤後,
2018/10/26,TXO,201812  ,10500.0000,賣權,-,-,-,-,0,1110,487,-,-,-,-,,一般,
2018/10/26,TXO,201812  ,10500.0000,賣權,-,-,-,-,0,-,-,-,-,-,-,,盤後,
2018/10/26,TXO,201812  ,10600.0000,買權,15,15,10,12.5,304,12.5,1433,11.5,12.5,595,10,,一般,
2018/10/26,TXO,201812  ,10600.0000,買權,14.5,28,14.5,16,36,-,-,16,26,595,13,,盤後,
2018/10/26,TXO,201812  ,10600.0000,賣權,1160,1250,1160,1250,6,1200,305,1150,1210,1250,113,,一般,
2018/10/26,TXO,201812  ,10600.0000,賣權,-,-,-,-,0,-,-,-,-,-,-,,盤後,
2018/10/26,TXO,201812  ,10700.0000,買權,12,12,7.9,9.7,42,9.7,525,9.2,19,414,7.9,,一般,
2018/10/26,TXO,201812  ,10700.0000,買權,12.5,14.5,12,12,17,-,-,10,20,414,10,,盤後,
2018/10/26,TXO,201812  ,10700.0000,賣權,-,-,-,-,0,1300,256,-,-,-,-,,一般,
2018/10/26,TXO,201812  ,10700.0000,賣權,-,-,-,-,0,-,-,-,-,-,-,,盤後,
2018/10/26,TXO,201812  ,10800.0000,買權,11,11,6.2,7.5,249,7.5,1014,7.5,8.9,452,6.2,,一般,
2018/10/26,TXO,201812  ,10800.0000,買權,9.1,13.5,9,11,7,-,-,10,13.5,452,8.1,,盤後,
2018/10/26,TXO,201812  ,10800.0000,賣權,1450,1450,1450,1450,3,1400,255,1360,1410,1450,100,,一般,
2018/10/26,TXO,201812  ,10800.0000,賣權,-,-,-,-,0,-,-,-,-,-,-,,盤後,
2018/10/26,TXO,201812  ,10900.0000,買權,6.9,6.9,5.9,6.9,43,6.9,406,0.2,10,301,5.9,,一般,
2018/10/26,TXO,201812  ,10900.0000,買權,7.5,7.5,7.5,7.5,8,-,-,7,10,301,6,,盤後,
2018/10/26,TXO,201812  ,10900.0000,賣權,-,-,-,-,0,1500,25,-,-,-,-,,一般,
2018/10/26,TXO,201812  ,10900.0000,賣權,-,-,-,-,0,-,-,-,-,-,-,,盤後,
2018/10/26,TXO,201812  ,11000.0000,買權,5.5,6,5.3,6,120,6,2037,5.3,12.5,330,0.3,,一般,
2018/10/26,TXO,201812  ,11000.0000,買權,7,7,7,7,1,-,-,4,11,330,0.3,,盤後,
2018/10/26,TXO,201812  ,11000.0000,賣權,1480,1650,1480,1580,3,1600,345,1540,1600,1650,241,,一般,
2018/10/26,TXO,201812  ,11000.0000,賣權,-,-,-,-,0,-,-,-,-,-,-,,盤後,
2018/10/26,TXO,201812  ,11100.0000,買權,4.7,5.4,4.7,5.4,19,5.4,245,3.1,5.5,199,4.7,,一般,
2018/10/26,TXO,201812  ,11100.0000,買權,-,-,-,-,0,-,-,-,-,-,-,,盤後,
2018/10/26,TXO,201812  ,11100.0000,賣權,-,-,-,-,0,1690,4,-,-,-,-,,一般,
2018/10/26,TXO,201812  ,11100.0000,賣權,-,-,-,-,0,-,-,-,-,-,-,,盤後,
2018/10/26,TXO,201812  ,11200.0000,買權,4.3,4.8,4.3,4.8,2,4.8,833,1.1,18.5,765,4,,一般,
2018/10/26,TXO,201812  ,11200.0000,買權,5.3,8.2,5.3,8.2,6,-,-,0.6,10,765,4,,盤後,
2018/10/26,TXO,201812  ,11200.0000,賣權,-,-,-,-,0,1790,65,-,-,-,-,,一般,
2018/10/26,TXO,201812  ,11200.0000,賣權,-,-,-,-,0,-,-,-,-,-,-,,盤後,
2018/10/26,TXO,201812  ,11300.0000,買權,3.9,4.4,3.9,4.4,3,4.4,148,4,54,118,3.9,,一般,
2018/10/26,TXO,201812  ,11300.0000,買權,-,-,-,-,0,-,-,-,-,-,-,,盤後,
2018/10/26,TXO,201812  ,11300.0000,賣權,-,-,-,-,0,1890,7,-,-,-,-,,一般,
2018/10/26,TXO,201812  ,11300.0000,賣權,-,-,-,-,0,-,-,-,-,-,-,,盤後,
2018/10/26,TXO,201812  ,11400.0000,買權,3.3,3.5,3.3,3.5,4,3.8,593,3.8,54,211,3.3,,一般,
2018/10/26,TXO,201812  ,11400.0000,買權,-,-,-,-,0,-,-,-,-,-,-,,盤後,
2018/10/26,TXO,201812  ,11400.0000,賣權,-,-,-,-,0,1990,10,-,-,-,-,,一般,
2018/10/26,TXO,201812  ,11400.0000,賣權,-,-,-,-,0,-,-,-,-,-,-,,盤後,
2018/10/26,TXO,201812  ,11500.0000,買權,-,-,-,-,0,3.6,367,-,-,-,-,,一般,
2018/10/26,TXO,201812  ,11500.0000,買權,-,-,-,-,0,-,-,-,-,-,-,,盤後,
2018/10/26,TXO,201812  ,11500.0000,賣權,-,-,-,-,0,2090,4,-,-,-,-,,一般,
2018/10/26,TXO,201812  ,11500.0000,賣權,-,-,-,-,0,-,-,-,-,-,-,,盤後,
2018/10/26,TXO,201812  ,11600.0000,買權,3.3,3.4,3.3,3.4,3,3.4,383,3.3,10,364,3,,一般,
2018/10/26,TXO,201812  ,11600.0000,買權,-,-,-,-,0,-,-,-,-,-,-,,盤後,
2018/10/26,TXO,201812  ,11600.0000,賣權,-,-,-,-,0,2190,10,-,-,-,-,,一般,
2018/10/26,TXO,201812  ,11600.0000,賣權,-,-,-,-,0,-,-,-,-,-,-,,盤後,
2018/10/26,TXO,201812  ,11700.0000,買權,3.1,3.1,3.1,3.1,1,3.3,57,0.2,9.9,72,3,,一般,
2018/10/26,TXO,201812  ,11700.0000,買權,-,-,-,-,0,-,-,-,-,-,-,,盤後,
2018/10/26,TXO,201812  ,11700.0000,賣權,-,-,-,-,0,2290,0,-,-,-,-,,一般,
2018/10/26,TXO,201812  ,11700.0000,賣權,-,-,-,-,0,-,-,-,-,-,-,,盤後,
2018/10/26,TXO,201812  ,11800.0000,買權,2.6,3.2,2.6,3.2,2,3.2,770,1,8.9,120,2.6,,一般,
2018/10/26,TXO,201812  ,11800.0000,買權,-,-,-,-,0,-,-,-,-,-,-,,盤後,
2018/10/26,TXO,201812  ,11800.0000,賣權,-,-,-,-,0,2390,11,-,-,-,-,,一般,
2018/10/26,TXO,201812  ,11800.0000,賣權,-,-,-,-,0,-,-,-,-,-,-,,盤後,
2018/10/26,TXO,201812  ,11900.0000,買權,-,-,-,-,0,3,214,-,-,-,-,,一般,
2018/10/26,TXO,201812  ,11900.0000,買權,-,-,-,-,0,-,-,-,-,-,-,,盤後,
2018/10/26,TXO,201812  ,11900.0000,賣權,-,-,-,-,0,2490,1,-,-,-,-,,一般,
2018/10/26,TXO,201812  ,11900.0000,賣權,-,-,-,-,0,-,-,-,-,-,-,,盤後,
2018/10/26,TXO,201812  ,12000.0000,買權,2.3,2.8,2.3,2.8,3,2.8,852,1,7,90,0.4,,一般,
2018/10/26,TXO,201812  ,12000.0000,買權,-,-,-,-,0,-,-,-,-,-,-,,盤後,
2018/10/26,TXO,201812  ,12000.0000,賣權,-,-,-,-,0,2590,1,-,-,-,-,,一般,
2018/10/26,TXO,201812  ,12000.0000,賣權,-,-,-,-,0,-,-,-,-,-,-,,盤後,
2018/10/26,TXO,201812  ,12100.0000,買權,2.2,2.2,2.2,2.2,7,2.2,27,0.1,52,10,1,,一般,
2018/10/26,TXO,201812  ,12100.0000,買權,1,1,1,1,1,-,-,0.1,15.5,10,1,,盤後,
2018/10/26,TXO,201812  ,12100.0000,賣權,-,-,-,-,0,2690,0,-,-,-,-,,一般,
2018/10/26,TXO,201812  ,12100.0000,賣權,-,-,-,-,0,-,-,-,-,-,-,,盤後,
2018/10/26,TXO,201812  ,12200.0000,買權,2.2,2.2,2.2,2.2,17,2.2,239,1.2,52,800,1.9,,一般,
2018/10/26,TXO,201812  ,12200.0000,買權,-,-,-,-,0,-,-,-,-,-,-,,盤後,
2018/10/26,TXO,201812  ,12200.0000,賣權,-,-,-,-,0,2790,1,-,-,-,-,,一般,
2018/10/26,TXO,201812  ,12200.0000,賣權,-,-,-,-,0,-,-,-,-,-,-,,盤後,
2018/10/26,TXO,201812  ,12300.0000,買權,-,-,-,-,0,2,25,-,-,-,-,,一般,
2018/10/26,TXO,201812  ,12300.0000,買權,-,-,-,-,0,-,-,-,-,-,-,,盤後,
2018/10/26,TXO,201812  ,12300.0000,賣權,-,-,-,-,0,2890,0,-,-,-,-,,一般,
2018/10/26,TXO,201812  ,12300.0000,賣權,-,-,-,-,0,-,-,-,-,-,-,,盤後,
2018/10/26,TXO,201812  ,12400.0000,買權,-,-,-,-,0,1.8,398,-,-,-,-,,一般,
2018/10/26,TXO,201812  ,12400.0000,買權,-,-,-,-,0,-,-,-,-,-,-,,盤後,
2018/10/26,TXO,201812  ,12400.0000,賣權,-,-,-,-,0,2990,1,-,-,-,-,,一般,
2018/10/26,TXO,201812  ,12400.0000,賣權,-,-,-,-,0,-,-,-,-,-,-,,盤後,
2018/10/26,TXO,201812  ,12500.0000,買權,-,-,-,-,0,1.6,0,-,-,-,-,,一般,
2018/10/26,TXO,201812  ,12500.0000,買權,-,-,-,-,0,-,-,-,-,-,-,,盤後,
2018/10/26,TXO,201812  ,12500.0000,賣權,-,-,-,-,0,3090,0,-,-,-,-,,一般,
2018/10/26,TXO,201812  ,12500.0000,賣權,-,-,-,-,0,-,-,-,-,-,-,,盤後,
2018/10/26,TXO,201812  ,12600.0000,買權,1.4,1.4,1.4,1.4,1,1.4,469,0.1,2,33,1.4,,一般,
2018/10/26,TXO,201812  ,12600.0000,買權,-,-,-,-,0,-,-,-,-,-,-,,盤後,
2018/10/26,TXO,201812  ,12600.0000,賣權,-,-,-,-,0,3190,4,-,-,-,-,,一般,
2018/10/26,TXO,201812  ,12600.0000,賣權,-,-,-,-,0,-,-,-,-,-,-,,盤後,
2018/10/26,TXO,201812  ,12700.0000,買權,-,-,-,-,0,1,0,-,-,-,-,,一般,
2018/10/26,TXO,201812  ,12700.0000,買權,-,-,-,-,0,-,-,-,-,-,-,,盤後,
2018/10/26,TXO,201812  ,12700.0000,賣權,-,-,-,-,0,3290,0,-,-,-,-,,一般,
2018/10/26,TXO,201812  ,12700.0000,賣權,-,-,-,-,0,-,-,-,-,-,-,,盤後,
2018/10/26,TXO,201812  ,12800.0000,買權,-,-,-,-,0,0.6,985,-,-,-,-,,一般,
2018/10/26,TXO,201812  ,12800.0000,買權,-,-,-,-,0,-,-,-,-,-,-,,盤後,
2018/10/26,TXO,201812  ,12800.0000,賣權,-,-,-,-,0,3390,0,-,-,-,-,,一般,
2018/10/26,TXO,201812  ,12800.0000,賣權,-,-,-,-,0,-,-,-,-,-,-,,盤後,
2018/10/26,TXO,201812  ,12900.0000,買權,-,-,-,-,0,0.1,0,-,-,-,-,,一般,
2018/10/26,TXO,201812  ,12900.0000,買權,-,-,-,-,0,-,-,-,-,-,-,,盤後,
2018/10/26,TXO,201812  ,12900.0000,賣權,-,-,-,-,0,3490,0,-,-,-,-,,一般,
2018/10/26,TXO,201812  ,12900.0000,賣權,-,-,-,-,0,-,-,-,-,-,-,,盤後,
2018/10/26,TXO,201812  ,13000.0000,買權,-,-,-,-,0,0.1,172,-,-,-,-,,一般,
2018/10/26,TXO,201812  ,13000.0000,買權,-,-,-,-,0,-,-,-,-,-,-,,盤後,
2018/10/26,TXO,201812  ,13000.0000,賣權,-,-,-,-,0,3590,0,-,-,-,-,,一般,
2018/10/26,TXO,201812  ,13000.0000,賣權,-,-,-,-,0,-,-,-,-,-,-,,盤後,
2018/10/26,TXO,201812  ,13100.0000,買權,-,-,-,-,0,0.1,1,-,-,-,-,,一般,
2018/10/26,TXO,201812  ,13100.0000,買權,-,-,-,-,0,-,-,-,-,-,-,,盤後,
2018/10/26,TXO,201812  ,13100.0000,賣權,-,-,-,-,0,3690,0,-,-,-,-,,一般,
2018/10/26,TXO,201812  ,13100.0000,賣權,-,-,-,-,0,-,-,-,-,-,-,,盤後,
2018/10/26,TXO,201812  ,13200.0000,買權,1.1,1.1,1,1.1,125,0.1,1741,0.1,50,16,1,,一般,
2018/10/26,TXO,201812  ,13200.0000,買權,-,-,-,-,0,-,-,-,-,-,-,,盤後,
2018/10/26,TXO,201812  ,13200.0000,賣權,-,-,-,-,0,3790,8,-,-,-,-,,一般,
2018/10/26,TXO,201812  ,13200.0000,賣權,-,-,-,-,0,-,-,-,-,-,-,,盤後,
2018/10/26,TXO,201812  ,13300.0000,買權,-,-,-,-,0,0.1,1,-,-,-,-,,一般,
2018/10/26,TXO,201812  ,13300.0000,買權,-,-,-,-,0,-,-,-,-,-,-,,盤後,
2018/10/26,TXO,201812  ,13300.0000,賣權,-,-,-,-,0,3890,0,-,-,-,-,,一般,
2018/10/26,TXO,201812  ,13300.0000,賣權,-,-,-,-,0,-,-,-,-,-,-,,盤後,
2018/10/26,TXO,201812  ,13400.0000,買權,0.8,0.8,0.8,0.8,25,0.1,4382,0.1,50,13,0.8,,一般,
2018/10/26,TXO,201812  ,13400.0000,買權,-,-,-,-,0,-,-,-,-,-,-,,盤後,
2018/10/26,TXO,201812  ,13400.0000,賣權,-,-,-,-,0,3990,21,-,-,-,-,,一般,
2018/10/26,TXO,201812  ,13400.0000,賣權,-,-,-,-,0,-,-,-,-,-,-,,盤後,
2018/10/26,TXO,201812  ,13500.0000,買權,-,-,-,-,0,0.1,75,-,-,-,-,,一般,
2018/10/26,TXO,201812  ,13500.0000,買權,-,-,-,-,0,-,-,-,-,-,-,,盤後,
2018/10/26,TXO,201812  ,13500.0000,賣權,-,-,-,-,0,4090,0,-,-,-,-,,一般,
2018/10/26,TXO,201812  ,13500.0000,賣權,-,-,-,-,0,-,-,-,-,-,-,,盤後,
2018/10/26,TXO,201812  ,13600.0000,買權,0.8,0.8,0.6,0.6,90,0.1,6954,0.4,2,5.4,0.5,,一般,
2018/10/26,TXO,201812  ,13600.0000,買權,-,-,-,-,0,-,-,-,-,-,-,,盤後,
2018/10/26,TXO,201812  ,13600.0000,賣權,-,-,-,-,0,4190,0,-,-,-,-,,一般,
2018/10/26,TXO,201812  ,13600.0000,賣權,-,-,-,-,0,-,-,-,-,-,-,,盤後,
2018/10/26,TXO,201901  ,8000.0000,買權,-,-,-,-,0,1470,0,-,-,-,-,,一般,
2018/10/26,TXO,201901  ,8000.0000,賣權,64,78,64,70,7,70,6,28.5,76,78,64,,一般,
2018/10/26,TXO,201901  ,8100.0000,買權,-,-,-,-,0,1380,0,-,-,-,-,,一般,
2018/10/26,TXO,201901  ,8100.0000,賣權,79,79,77,77,11,77,11,60,685,79,77,,一般,
2018/10/26,TXO,201901  ,8200.0000,買權,-,-,-,-,0,1300,0,-,-,-,-,,一般,
2018/10/26,TXO,201901  ,8200.0000,買權,-,-,-,-,0,-,-,-,-,-,-,,盤後,
2018/10/26,TXO,201901  ,8200.0000,賣權,82,104,82,95,13,95,83,49.5,109,104,77,,一般,
2018/10/26,TXO,201901  ,8200.0000,賣權,-,-,-,-,0,-,-,-,-,-,-,,盤後,
2018/10/26,TXO,201901  ,8300.0000,買權,-,-,-,-,0,1210,0,-,-,-,-,,一般,
2018/10/26,TXO,201901  ,8300.0000,買權,-,-,-,-,0,-,-,-,-,-,-,,盤後,
2018/10/26,TXO,201901  ,8300.0000,賣權,110,110,108,108,2,103,17,49.5,103,110,56,,一般,
2018/10/26,TXO,201901  ,8300.0000,賣權,-,-,-,-,0,-,-,-,-,-,-,,盤後,
2018/10/26,TXO,201901  ,8400.0000,買權,-,-,-,-,0,1120,0,-,-,-,-,,一般,
2018/10/26,TXO,201901  ,8400.0000,買權,-,-,-,-,0,-,-,-,-,-,-,,盤後,
2018/10/26,TXO,201901  ,8400.0000,賣權,95,122,95,114,6,114,144,56,166,122,54,,一般,
2018/10/26,TXO,201901  ,8400.0000,賣權,-,-,-,-,0,-,-,-,-,-,-,,盤後,
2018/10/26,TXO,201901  ,8500.0000,買權,-,-,-,-,0,1030,0,-,-,-,-,,一般,
2018/10/26,TXO,201901  ,8500.0000,買權,-,-,-,-,0,-,-,-,-,-,-,,盤後,
2018/10/26,TXO,201901  ,8500.0000,賣權,107,144,103,129,36,129,119,51,179,144,68,,一般,
2018/10/26,TXO,201901  ,8500.0000,賣權,107,107,107,107,1,-,-,61,300,124,68,,盤後,
2018/10/26,TXO,201901  ,8600.0000,買權,-,-,-,-,0,950,0,-,-,-,-,,一般,
2018/10/26,TXO,201901  ,8600.0000,買權,-,-,-,-,0,-,-,-,-,-,-,,盤後,
2018/10/26,TXO,201901  ,8600.0000,賣權,120,150,120,149,5,149,261,64,168,150,65,,一般,
2018/10/26,TXO,201901  ,8600.0000,賣權,-,-,-,-,0,-,-,-,-,-,-,,盤後,
2018/10/26,TXO,201901  ,8700.0000,買權,-,-,-,-,0,880,0,-,-,-,-,,一般,
2018/10/26,TXO,201901  ,8700.0000,買權,-,-,-,-,0,-,-,-,-,-,-,,盤後,
2018/10/26,TXO,201901  ,8700.0000,賣權,-,-,-,-,0,165,135,-,-,-,-,,一般,
2018/10/26,TXO,201901  ,8700.0000,賣權,-,-,-,-,0,-,-,-,-,-,-,,盤後,
2018/10/26,TXO,201901  ,8800.0000,買權,-,-,-,-,0,780,0,-,-,-,-,,一般,
2018/10/26,TXO,201901  ,8800.0000,買權,-,-,-,-,0,-,-,-,-,-,-,,盤後,
2018/10/26,TXO,201901  ,8800.0000,賣權,146,191,146,181,6,181,79,146,995,198,91,,一般,
2018/10/26,TXO,201901  ,8800.0000,賣權,149,149,149,149,1,-,-,72,1000,198,91,,盤後,
2018/10/26,TXO,201901  ,8900.0000,買權,-,-,-,-,0,710,0,-,-,-,-,,一般,
2018/10/26,TXO,201901  ,8900.0000,買權,-,-,-,-,0,-,-,-,-,-,-,,盤後,
2018/10/26,TXO,201901  ,8900.0000,賣權,176,217,174,206,7,206,14,115,236,217,100,,一般,
2018/10/26,TXO,201901  ,8900.0000,賣權,-,-,-,-,0,-,-,-,-,-,-,,盤後,
2018/10/26,TXO,201901  ,9000.0000,買權,-,-,-,-,0,625,0,-,-,-,-,,一般,
2018/10/26,TXO,201901  ,9000.0000,買權,-,-,-,-,0,-,-,-,-,-,-,,盤後,
2018/10/26,TXO,201901  ,9000.0000,賣權,207,243,207,225,22,225,589,219,238,243,109,,一般,
2018/10/26,TXO,201901  ,9000.0000,賣權,-,-,-,-,0,-,-,-,-,-,-,,盤後,
2018/10/26,TXO,201901  ,9100.0000,買權,-,-,-,-,0,555,0,-,-,-,-,,一般,
2018/10/26,TXO,201901  ,9100.0000,買權,-,-,-,-,0,-,-,-,-,-,-,,盤後,
2018/10/26,TXO,201901  ,9100.0000,賣權,225,225,225,225,10,256,178,246,266,242,120,,一般,
2018/10/26,TXO,201901  ,9100.0000,賣權,-,-,-,-,0,-,-,-,-,-,-,,盤後,
2018/10/26,TXO,201901  ,9200.0000,買權,-,-,-,-,0,485,0,-,-,-,-,,一般,
2018/10/26,TXO,201901  ,9200.0000,買權,-,-,-,-,0,-,-,-,-,-,-,,盤後,
2018/10/26,TXO,201901  ,9200.0000,賣權,255,298,255,280,95,280,120,275,304,298,140,,一般,
2018/10/26,TXO,201901  ,9200.0000,賣權,-,-,-,-,0,-,-,-,-,-,-,,盤後,
2018/10/26,TXO,201901  ,9300.0000,買權,440,440,440,440,1,425,1,410,440,440,440,,一般,
2018/10/26,TXO,201901  ,9300.0000,買權,-,-,-,-,0,-,-,-,-,-,-,,盤後,
2018/10/26,TXO,201901  ,9300.0000,賣權,288,292,288,292,6,319,9,311,327,310,155,,一般,
2018/10/26,TXO,201901  ,9300.0000,賣權,-,-,-,-,0,-,-,-,-,-,-,,盤後,
2018/10/26,TXO,201901  ,9400.0000,買權,431,431,350,350,11,377,2,348,378,431,350,,一般,
2018/10/26,TXO,201901  ,9400.0000,買權,-,-,-,-,0,-,-,-,-,-,-,,盤後,
2018/10/26,TXO,201901  ,9400.0000,賣權,320,383,320,383,35,371,103,363,379,383,177,,一般,
2018/10/26,TXO,201901  ,9400.0000,賣權,-,-,-,-,0,-,-,-,-,-,-,,盤後,
2018/10/26,TXO,201901  ,9500.0000,買權,321,321,321,321,1,321,21,293,323,610,321,,一般,
2018/10/26,TXO,201901  ,9500.0000,買權,-,-,-,-,0,-,-,-,-,-,-,,盤後,
2018/10/26,TXO,201901  ,9500.0000,賣權,361,437,361,400,5,415,587,409,423,437,231,,一般,
2018/10/26,TXO,201901  ,9500.0000,賣權,357,357,357,357,1,-,-,198,366,404,231,,盤後,
2018/10/26,TXO,201901  ,9600.0000,買權,-,-,-,-,0,261,48,-,-,-,-,,一般,
2018/10/26,TXO,201901  ,9600.0000,買權,-,-,-,-,0,-,-,-,-,-,-,,盤後,
2018/10/26,TXO,201901  ,9600.0000,賣權,-,-,-,-,0,455,342,-,-,-,-,,一般,
2018/10/26,TXO,201901  ,9600.0000,賣權,-,-,-,-,0,-,-,-,-,-,-,,盤後,
2018/10/26,TXO,201901  ,9700.0000,買權,205,219,205,219,2,219,1,204,222,494,205,,一般,
2018/10/26,TXO,201901  ,9700.0000,買權,-,-,-,-,0,-,-,-,-,-,-,,盤後,
2018/10/26,TXO,201901  ,9700.0000,賣權,505,560,505,560,7,515,11,500,530,560,279,,一般,
2018/10/26,TXO,201901  ,9700.0000,賣權,-,-,-,-,0,-,-,-,-,-,-,,盤後,
2018/10/26,TXO,201901  ,9800.0000,買權,168,168,168,168,1,168,2,165,185,432,168,,一般,
2018/10/26,TXO,201901  ,9800.0000,買權,-,-,-,-,0,-,-,-,-,-,-,,盤後,
2018/10/26,TXO,201901  ,9800.0000,賣權,-,-,-,-,0,560,180,-,-,-,-,,一般,
2018/10/26,TXO,201901  ,9800.0000,賣權,-,-,-,-,0,-,-,-,-,-,-,,盤後,
2018/10/26,TXO,201901  ,9900.0000,買權,161,161,124,134,16,134,18,132,152,359,124,,一般,
2018/10/26,TXO,201901  ,9900.0000,買權,-,-,-,-,0,-,-,-,-,-,-,,盤後,
2018/10/26,TXO,201901  ,9900.0000,賣權,-,-,-,-,0,625,5,-,-,-,-,,一般,
2018/10/26,TXO,201901  ,9900.0000,賣權,585,585,570,570,2,-,-,323,-,630,338,,盤後,
2018/10/26,TXO,201901  ,10000.0000,買權,111,114,100,114,13,114,42,103,123,297,100,,一般,
2018/10/26,TXO,201901  ,10000.0000,買權,-,-,-,-,0,-,-,-,-,-,-,,盤後,
2018/10/26,TXO,201901  ,10000.0000,賣權,730,730,730,730,1,705,3,700,730,730,394,,一般,
2018/10/26,TXO,201901  ,10000.0000,賣權,-,-,-,-,0,-,-,-,-,-,-,,盤後,
2018/10/26,TXO,201901  ,10100.0000,買權,109,109,81,81,5,81,63,60,128,245,81,,一般,
2018/10/26,TXO,201901  ,10100.0000,買權,109,109,109,109,2,-,-,58,-,245,102,,盤後,
2018/10/26,TXO,201901  ,10100.0000,賣權,-,-,-,-,0,775,4,-,-,-,-,,一般,
2018/10/26,TXO,201901  ,10100.0000,賣權,-,-,-,-,0,-,-,-,-,-,-,,盤後,
2018/10/26,TXO,201901  ,10200.0000,買權,81,81,69,69,8,69,27,36.5,138,201,69,,一般,
2018/10/26,TXO,201901  ,10200.0000,買權,-,-,-,-,0,-,-,-,-,-,-,,盤後,
2018/10/26,TXO,201901  ,10200.0000,賣權,-,-,-,-,0,860,5,-,-,-,-,,一般,
2018/10/26,TXO,201901  ,10200.0000,賣權,-,-,-,-,0,-,-,-,-,-,-,,盤後,
2018/10/26,TXO,201901  ,10300.0000,買權,65,65,46,46,10,49,266,49,73,160,46,,一般,
2018/10/26,TXO,201901  ,10300.0000,買權,-,-,-,-,0,-,-,-,-,-,-,,盤後,
2018/10/26,TXO,201901  ,10300.0000,賣權,-,-,-,-,0,940,0,-,-,-,-,,一般,
2018/10/26,TXO,201901  ,10300.0000,賣權,-,-,-,-,0,-,-,-,-,-,-,,盤後,
2018/10/26,TXO,201901  ,10400.0000,買權,54,54,41,41,7,41,19,39,99,135,30,,一般,
2018/10/26,TXO,201901  ,10400.0000,買權,-,-,-,-,0,-,-,-,-,-,-,,盤後,
2018/10/26,TXO,201901  ,10400.0000,賣權,-,-,-,-,0,1030,20,-,-,-,-,,一般,
2018/10/26,TXO,201901  ,10400.0000,賣權,-,-,-,-,0,-,-,-,-,-,-,,盤後,
2018/10/26,TXO,201901  ,10500.0000,買權,39,39,28,32,11,32,562,21,33,109,28,,一般,
2018/10/26,TXO,201901  ,10500.0000,買權,-,-,-,-,0,-,-,-,-,-,-,,盤後,
2018/10/26,TXO,201901  ,10500.0000,賣權,-,-,-,-,0,1120,1,-,-,-,-,,一般,
2018/10/26,TXO,201901  ,10500.0000,賣權,-,-,-,-,0,-,-,-,-,-,-,,盤後,
2018/10/26,TXO,201901  ,10600.0000,買權,19.5,24.5,19.5,24.5,3,24.5,47,9.8,81,83,19.5,,一般,
2018/10/26,TXO,201901  ,10600.0000,買權,-,-,-,-,0,-,-,-,-,-,-,,盤後,
2018/10/26,TXO,201901  ,10600.0000,賣權,-,-,-,-,0,1220,1,-,-,-,-,,一般,
2018/10/26,TXO,201901  ,10600.0000,賣權,-,-,-,-,0,-,-,-,-,-,-,,盤後,
2018/10/26,TXO,201901  ,10700.0000,買權,22,22,19.5,19.5,15,19.5,30,10,73,59,19.5,,一般,
2018/10/26,TXO,201901  ,10700.0000,買權,-,-,-,-,0,-,-,-,-,-,-,,盤後,
2018/10/26,TXO,201901  ,10700.0000,賣權,-,-,-,-,0,1310,0,-,-,-,-,,一般,
2018/10/26,TXO,201901  ,10700.0000,賣權,-,-,-,-,0,-,-,-,-,-,-,,盤後,
2018/10/26,TXO,201901  ,10800.0000,買權,-,-,-,-,0,16.5,26,-,-,-,-,,一般,
2018/10/26,TXO,201901  ,10800.0000,買權,-,-,-,-,0,-,-,-,-,-,-,,盤後,
2018/10/26,TXO,201901  ,10800.0000,賣權,-,-,-,-,0,1410,1,-,-,-,-,,一般,
2018/10/26,TXO,201901  ,10800.0000,賣權,-,-,-,-,0,-,-,-,-,-,-,,盤後,
2018/10/26,TXO,201901  ,10900.0000,買權,-,-,-,-,0,14,11,-,-,-,-,,一般,
2018/10/26,TXO,201901  ,10900.0000,買權,-,-,-,-,0,-,-,-,-,-,-,,盤後,
2018/10/26,TXO,201901  ,10900.0000,賣權,-,-,-,-,0,1510,0,-,-,-,-,,一般,
2018/10/26,TXO,201901  ,10900.0000,賣權,-,-,-,-,0,-,-,-,-,-,-,,盤後,
2018/10/26,TXO,201901  ,11000.0000,買權,-,-,-,-,0,11,404,-,-,-,-,,一般,
2018/10/26,TXO,201901  ,11000.0000,買權,-,-,-,-,0,-,-,-,-,-,-,,盤後,
2018/10/26,TXO,201901  ,11000.0000,賣權,-,-,-,-,0,1610,0,-,-,-,-,,一般,
2018/10/26,TXO,201901  ,11000.0000,賣權,-,-,-,-,0,-,-,-,-,-,-,,盤後,
2018/10/26,TXO,201901  ,11100.0000,買權,8.8,8.8,8.8,8.8,3,9.4,12,0.7,39.5,22,8.8,,一般,
2018/10/26,TXO,201901  ,11100.0000,買權,-,-,-,-,0,-,-,-,-,-,-,,盤後,
2018/10/26,TXO,201901  ,11100.0000,賣權,-,-,-,-,0,1710,0,-,-,-,-,,一般,
2018/10/26,TXO,201901  ,11100.0000,賣權,-,-,-,-,0,-,-,-,-,-,-,,盤後,
2018/10/26,TXO,201901  ,11200.0000,買權,-,-,-,-,0,8.2,45,-,-,-,-,,一般,
2018/10/26,TXO,201901  ,11200.0000,買權,-,-,-,-,0,-,-,-,-,-,-,,盤後,
2018/10/26,TXO,201901  ,11200.0000,賣權,-,-,-,-,0,1800,0,-,-,-,-,,一般,
2018/10/26,TXO,201901  ,11200.0000,賣權,-,-,-,-,0,-,-,-,-,-,-,,盤後,
2018/10/26,TXO,201901  ,11300.0000,買權,-,-,-,-,0,7.2,43,-,-,-,-,,一般,
2018/10/26,TXO,201901  ,11300.0000,買權,-,-,-,-,0,-,-,-,-,-,-,,盤後,
2018/10/26,TXO,201901  ,11300.0000,賣權,-,-,-,-,0,1900,0,-,-,-,-,,一般,
2018/10/26,TXO,201901  ,11300.0000,賣權,-,-,-,-,0,-,-,-,-,-,-,,盤後,
2018/10/26,TXO,201901  ,11400.0000,買權,6,6,6,6,1,6,19,0.3,56,11,0.3,,一般,
2018/10/26,TXO,201901  ,11400.0000,買權,-,-,-,-,0,-,-,-,-,-,-,,盤後,
2018/10/26,TXO,201901  ,11400.0000,賣權,-,-,-,-,0,2000,0,-,-,-,-,,一般,
2018/10/26,TXO,201901  ,11400.0000,賣權,-,-,-,-,0,-,-,-,-,-,-,,盤後,
2018/10/26,TXO,201901  ,11500.0000,買權,5.2,5.9,5.2,5.9,31,5.9,24,1,8.9,9.1,5.2,,一般,
2018/10/26,TXO,201901  ,11500.0000,買權,-,-,-,-,0,-,-,-,-,-,-,,盤後,
2018/10/26,TXO,201901  ,11500.0000,賣權,-,-,-,-,0,2100,0,-,-,-,-,,一般,
2018/10/26,TXO,201901  ,11500.0000,賣權,-,-,-,-,0,-,-,-,-,-,-,,盤後,
2018/10/26,TXO,201903  ,7600.0000,買權,-,-,-,-,0,1850,0,-,-,-,-,,一般,
2018/10/26,TXO,201903  ,7600.0000,賣權,64,85,63,80,55,80,27,72,86,85,63,,一般,
2018/10/26,TXO,201903  ,7800.0000,買權,-,-,-,-,0,1670,0,-,-,-,-,,一般,
2018/10/26,TXO,201903  ,7800.0000,買權,-,-,-,-,0,-,-,-,-,-,-,,盤後,
2018/10/26,TXO,201903  ,7800.0000,賣權,78,99,78,95,130,95,200,93,95,99,44,,一般,
2018/10/26,TXO,201903  ,7800.0000,賣權,-,-,-,-,0,-,-,-,-,-,-,,盤後,
2018/10/26,TXO,201903  ,8000.0000,買權,-,-,-,-,0,1490,0,-,-,-,-,,一般,
2018/10/26,TXO,201903  ,8000.0000,買權,-,-,-,-,0,-,-,-,-,-,-,,盤後,
2018/10/26,TXO,201903  ,8000.0000,賣權,96,124,92,105,546,114,315,112,115,130,49,,一般,
2018/10/26,TXO,201903  ,8000.0000,賣權,90,90,90,90,1,-,-,79,1000,130,49,,盤後,
2018/10/26,TXO,201903  ,8200.0000,買權,-,-,-,-,0,1300,0,-,-,-,-,,一般,
2018/10/26,TXO,201903  ,8200.0000,買權,-,-,-,-,0,-,-,-,-,-,-,,盤後,
2018/10/26,TXO,201903  ,8200.0000,賣權,116,150,116,130,509,130,653,113,138,150,41,,一般,
2018/10/26,TXO,201903  ,8200.0000,賣權,-,-,-,-,0,-,-,-,-,-,-,,盤後,
2018/10/26,TXO,201903  ,8400.0000,買權,-,-,-,-,0,1140,1,-,-,-,-,,一般,
2018/10/26,TXO,201903  ,8400.0000,買權,-,-,-,-,0,-,-,-,-,-,-,,盤後,
2018/10/26,TXO,201903  ,8400.0000,賣權,143,179,142,167,111,167,2030,148,168,179,27,,一般,
2018/10/26,TXO,201903  ,8400.0000,賣權,-,-,-,-,0,-,-,-,-,-,-,,盤後,
2018/10/26,TXO,201903  ,8600.0000,買權,-,-,-,-,0,980,3,-,-,-,-,,一般,
2018/10/26,TXO,201903  ,8600.0000,買權,-,-,-,-,0,-,-,-,-,-,-,,盤後,
2018/10/26,TXO,201903  ,8600.0000,賣權,175,221,175,207,40,207,1068,196,213,221,32,,一般,
2018/10/26,TXO,201903  ,8600.0000,賣權,-,-,-,-,0,-,-,-,-,-,-,,盤後,
2018/10/26,TXO,201903  ,8800.0000,買權,-,-,-,-,0,825,0,-,-,-,-,,一般,
2018/10/26,TXO,201903  ,8800.0000,買權,-,-,-,-,0,-,-,-,-,-,-,,盤後,
2018/10/26,TXO,201903  ,8800.0000,賣權,212,264,212,248,21,248,1107,241,255,264,38,,一般,
2018/10/26,TXO,201903  ,8800.0000,賣權,-,-,-,-,0,-,-,-,-,-,-,,盤後,
2018/10/26,TXO,201903  ,9000.0000,買權,-,-,-,-,0,680,0,-,-,-,-,,一般,
2018/10/26,TXO,201903  ,9000.0000,買權,-,-,-,-,0,-,-,-,-,-,-,,盤後,
2018/10/26,TXO,201903  ,9000.0000,賣權,256,318,256,290,288,304,1083,292,315,318,42.5,,一般,
2018/10/26,TXO,201903  ,9000.0000,賣權,-,-,-,-,0,-,-,-,-,-,-,,盤後,
2018/10/26,TXO,201903  ,9200.0000,買權,-,-,-,-,0,545,11,-,-,-,-,,一般,
2018/10/26,TXO,201903  ,9200.0000,買權,-,-,-,-,0,-,-,-,-,-,-,,盤後,
2018/10/26,TXO,201903  ,9200.0000,賣權,375,380,355,355,102,367,1285,362,371,380,49,,一般,
2018/10/26,TXO,201903  ,9200.0000,賣權,-,-,-,-,0,-,-,-,-,-,-,,盤後,
2018/10/26,TXO,201903  ,9400.0000,買權,412,423,388,423,9,409,57,395,422,1790,388,,一般,
2018/10/26,TXO,201903  ,9400.0000,買權,460,460,460,460,3,-,-,117,-,1790,460,,盤後,
2018/10/26,TXO,201903  ,9400.0000,賣權,420,457,420,434,4,434,1658,432,464,457,63,,一般,
2018/10/26,TXO,201903  ,9400.0000,賣權,400,401,400,401,2,-,-,227,-,415,63,,盤後,
2018/10/26,TXO,201903  ,9600.0000,買權,320,327,302,316,5,316,77,295,323,1410,302,,一般,
2018/10/26,TXO,201903  ,9600.0000,買權,-,-,-,-,0,-,-,-,-,-,-,,盤後,
2018/10/26,TXO,201903  ,9600.0000,賣權,490,585,490,585,22,540,672,530,555,585,74,,一般,
2018/10/26,TXO,201903  ,9600.0000,賣權,480,480,480,480,1,-,-,450,-,550,74,,盤後,
2018/10/26,TXO,201903  ,9800.0000,買權,265,275,227,234,8,234,116,215,236,1220,227,,一般,
2018/10/26,TXO,201903  ,9800.0000,買權,-,-,-,-,0,-,-,-,-,-,-,,盤後,
2018/10/26,TXO,201903  ,9800.0000,賣權,675,705,655,655,3,655,686,645,670,705,91,,一般,
2018/10/26,TXO,201903  ,9800.0000,賣權,590,590,590,590,1,-,-,345,-,630,91,,盤後,
2018/10/26,TXO,201903  ,10000.0000,買權,200,200,148,155,30,155,472,147,171,1050,148,,一般,
2018/10/26,TXO,201903  ,10000.0000,買權,-,-,-,-,0,-,-,-,-,-,-,,盤後,
2018/10/26,TXO,201903  ,10000.0000,賣權,710,770,710,770,4,770,968,780,800,790,115,,一般,
2018/10/26,TXO,201903  ,10000.0000,賣權,-,-,-,-,0,-,-,-,-,-,-,,盤後,
2018/10/26,TXO,201903  ,10200.0000,買權,132,132,98,111,22,111,638,101,117,875,98,,一般,
2018/10/26,TXO,201903  ,10200.0000,買權,-,-,-,-,0,-,-,-,-,-,-,,盤後,
2018/10/26,TXO,201903  ,10200.0000,賣權,990,990,920,920,5,930,1513,925,950,990,147,,一般,
2018/10/26,TXO,201903  ,10200.0000,賣權,-,-,-,-,0,-,-,-,-,-,-,,盤後,
2018/10/26,TXO,201903  ,10400.0000,買權,90,90,67,74,17,74,1444,67,80,740,67,,一般,
2018/10/26,TXO,201903  ,10400.0000,買權,-,-,-,-,0,-,-,-,-,-,-,,盤後,
2018/10/26,TXO,201903  ,10400.0000,賣權,1050,1050,1050,1050,1,1090,809,1090,1110,1070,185,,一般,
2018/10/26,TXO,201903  ,10400.0000,賣權,-,-,-,-,0,-,-,-,-,-,-,,盤後,
2018/10/26,TXO,201903  ,10600.0000,買權,52,52,45,52,33,52,224,49,101,610,45,,一般,
2018/10/26,TXO,201903  ,10600.0000,買權,-,-,-,-,0,-,-,-,-,-,-,,盤後,
2018/10/26,TXO,201903  ,10600.0000,賣權,-,-,-,-,0,1270,218,-,-,-,-,,一般,
2018/10/26,TXO,201903  ,10600.0000,賣權,-,-,-,-,0,-,-,-,-,-,-,,盤後,
2018/10/26,TXO,201903  ,10800.0000,買權,30,34.5,30,34.5,12,34.5,107,32,84,525,30,,一般,
2018/10/26,TXO,201903  ,10800.0000,買權,-,-,-,-,0,-,-,-,-,-,-,,盤後,
2018/10/26,TXO,201903  ,10800.0000,賣權,-,-,-,-,0,1450,72,-,-,-,-,,一般,
2018/10/26,TXO,201903  ,10800.0000,賣權,-,-,-,-,0,-,-,-,-,-,-,,盤後,
2018/10/26,TXO,201903  ,11000.0000,買權,28,28,21,21,34,23.5,916,23.5,75,391,21,,一般,
2018/10/26,TXO,201903  ,11000.0000,買權,30.5,30.5,30.5,30.5,1,-,-,21.5,52,391,24,,盤後,
2018/10/26,TXO,201903  ,11000.0000,賣權,-,-,-,-,0,1640,26,-,-,-,-,,一般,
2018/10/26,TXO,201903  ,11000.0000,賣權,-,-,-,-,0,-,-,-,-,-,-,,盤後,
2018/10/26,TXO,201903  ,11200.0000,買權,18.5,18.5,17,17,20,17,503,10.5,18.5,300,17,,一般,
2018/10/26,TXO,201903  ,11200.0000,買權,-,-,-,-,0,-,-,-,-,-,-,,盤後,
2018/10/26,TXO,201903  ,11200.0000,賣權,-,-,-,-,0,1830,11,-,-,-,-,,一般,
2018/10/26,TXO,201903  ,11200.0000,賣權,-,-,-,-,0,-,-,-,-,-,-,,盤後,
2018/10/26,TXO,201903  ,11400.0000,買權,14.5,14.5,13.5,14,215,14,1592,13.5,14,225,13.5,,一般,
2018/10/26,TXO,201903  ,11400.0000,買權,-,-,-,-,0,-,-,-,-,-,-,,盤後,
2018/10/26,TXO,201903  ,11400.0000,賣權,-,-,-,-,0,2030,26,-,-,-,-,,一般,
2018/10/26,TXO,201903  ,11400.0000,賣權,-,-,-,-,0,-,-,-,-,-,-,,盤後,
2018/10/26,TXO,201903  ,11600.0000,買權,11,11.5,10,11.5,13,11.5,400,1.1,61,162,4.7,,一般,
2018/10/26,TXO,201903  ,11600.0000,買權,-,-,-,-,0,-,-,-,-,-,-,,盤後,
2018/10/26,TXO,201903  ,11600.0000,賣權,-,-,-,-,0,2230,18,-,-,-,-,,一般,
2018/10/26,TXO,201903  ,11600.0000,賣權,-,-,-,-,0,-,-,-,-,-,-,,盤後,
2018/10/26,TXO,201903  ,11800.0000,買權,9.1,9.1,8.6,8.7,3,8.7,928,7,57,113,8.6,,一般,
2018/10/26,TXO,201903  ,11800.0000,買權,-,-,-,-,0,-,-,-,-,-,-,,盤後,
2018/10/26,TXO,201903  ,11800.0000,賣權,-,-,-,-,0,2420,14,-,-,-,-,,一般,
2018/10/26,TXO,201903  ,11800.0000,賣權,-,-,-,-,0,-,-,-,-,-,-,,盤後,
2018/10/26,TXO,201903  ,12000.0000,買權,6.9,8,6.9,8,95,8,1068,7.5,57,77,6.9,,一般,
2018/10/26,TXO,201903  ,12000.0000,買權,-,-,-,-,0,-,-,-,-,-,-,,盤後,
2018/10/26,TXO,201903  ,12000.0000,賣權,-,-,-,-,0,2620,1,-,-,-,-,,一般,
2018/10/26,TXO,201903  ,12000.0000,賣權,-,-,-,-,0,-,-,-,-,-,-,,盤後,
2018/10/26,TXO,201903  ,12200.0000,買權,6.7,6.7,6,6,3,6,64,0.4,10,51,6,,一般,
2018/10/26,TXO,201903  ,12200.0000,買權,-,-,-,-,0,-,-,-,-,-,-,,盤後,
2018/10/26,TXO,201903  ,12200.0000,賣權,-,-,-,-,0,2820,1,-,-,-,-,,一般,
2018/10/26,TXO,201903  ,12200.0000,賣權,-,-,-,-,0,-,-,-,-,-,-,,盤後,
2018/10/26,TXO,201903  ,12400.0000,買權,4.9,4.9,4.9,4.9,26,4.9,172,0.2,55,37,4.9,,一般,
2018/10/26,TXO,201903  ,12400.0000,買權,-,-,-,-,0,-,-,-,-,-,-,,盤後,
2018/10/26,TXO,201903  ,12400.0000,賣權,-,-,-,-,0,3020,0,-,-,-,-,,一般,
2018/10/26,TXO,201903  ,12400.0000,賣權,-,-,-,-,0,-,-,-,-,-,-,,盤後,
2018/10/26,TXO,201903  ,12600.0000,買權,-,-,-,-,0,2.4,70,-,-,-,-,,一般,
2018/10/26,TXO,201903  ,12600.0000,買權,-,-,-,-,0,-,-,-,-,-,-,,盤後,
2018/10/26,TXO,201903  ,12600.0000,賣權,-,-,-,-,0,3220,5,-,-,-,-,,一般,
2018/10/26,TXO,201903  ,12600.0000,賣權,-,-,-,-,0,-,-,-,-,-,-,,盤後,
2018/10/26,TXO,201903  ,12800.0000,買權,-,-,-,-,0,1.6,77,-,-,-,-,,一般,
2018/10/26,TXO,201903  ,12800.0000,買權,-,-,-,-,0,-,-,-,-,-,-,,盤後,
2018/10/26,TXO,201903  ,12800.0000,賣權,-,-,-,-,0,3410,4,-,-,-,-,,一般,
2018/10/26,TXO,201903  ,12800.0000,賣權,-,-,-,-,0,-,-,-,-,-,-,,盤後,
2018/10/26,TXO,201903  ,13000.0000,買權,3.1,3.1,3.1,3.1,3,1,116,0.1,53,50,2.2,,一般,
2018/10/26,TXO,201903  ,13000.0000,買權,-,-,-,-,0,-,-,-,-,-,-,,盤後,
2018/10/26,TXO,201903  ,13000.0000,賣權,-,-,-,-,0,3610,2,-,-,-,-,,一般,
2018/10/26,TXO,201903  ,13000.0000,賣權,-,-,-,-,0,-,-,-,-,-,-,,盤後,
2018/10/26,TXO,201903  ,13200.0000,買權,-,-,-,-,0,0.7,52,-,-,-,-,,一般,
2018/10/26,TXO,201903  ,13200.0000,買權,-,-,-,-,0,-,-,-,-,-,-,,盤後,
2018/10/26,TXO,201903  ,13200.0000,賣權,-,-,-,-,0,3810,23,-,-,-,-,,一般,
2018/10/26,TXO,201903  ,13200.0000,賣權,-,-,-,-,0,-,-,-,-,-,-,,盤後,
2018/10/26,TXO,201903  ,13400.0000,買權,-,-,-,-,0,0.4,938,-,-,-,-,,一般,
2018/10/26,TXO,201903  ,13400.0000,買權,-,-,-,-,0,-,-,-,-,-,-,,盤後,
2018/10/26,TXO,201903  ,13400.0000,賣權,-,-,-,-,0,4010,0,-,-,-,-,,一般,
2018/10/26,TXO,201903  ,13400.0000,賣權,-,-,-,-,0,-,-,-,-,-,-,,盤後,
2018/10/26,TXO,201906  ,7600.0000,買權,-,-,-,-,0,1850,0,-,-,-,-,,一般,
2018/10/26,TXO,201906  ,7600.0000,賣權,123,127,121,127,18,127,17,52,125,127,121,,一般,
2018/10/26,TXO,201906  ,7800.0000,買權,-,-,-,-,0,1670,0,-,-,-,-,,一般,
2018/10/26,TXO,201906  ,7800.0000,買權,-,-,-,-,0,-,-,-,-,-,-,,盤後,
2018/10/26,TXO,201906  ,7800.0000,賣權,126,151,126,137,97,146,226,144,148,180,52,,一般,
2018/10/26,TXO,201906  ,7800.0000,賣權,-,-,-,-,0,-,-,-,-,-,-,,盤後,
2018/10/26,TXO,201906  ,8000.0000,買權,-,-,-,-,0,1490,0,-,-,-,-,,一般,
2018/10/26,TXO,201906  ,8000.0000,買權,-,-,-,-,0,-,-,-,-,-,-,,盤後,
2018/10/26,TXO,201906  ,8000.0000,賣權,154,177,154,169,11,169,76,169,174,177,37.5,,一般,
2018/10/26,TXO,201906  ,8000.0000,賣權,148,148,148,148,1,-,-,93,1040,168,37.5,,盤後,
2018/10/26,TXO,201906  ,8200.0000,買權,-,-,-,-,0,1320,2,-,-,-,-,,一般,
2018/10/26,TXO,201906  ,8200.0000,買權,-,-,-,-,0,-,-,-,-,-,-,,盤後,
2018/10/26,TXO,201906  ,8200.0000,賣權,198,212,192,195,177,195,353,120,208,212,71,,一般,
2018/10/26,TXO,201906  ,8200.0000,賣權,-,-,-,-,0,-,-,-,-,-,-,,盤後,
2018/10/26,TXO,201906  ,8400.0000,買權,-,-,-,-,0,1170,1,-,-,-,-,,一般,
2018/10/26,TXO,201906  ,8400.0000,買權,-,-,-,-,0,-,-,-,-,-,-,,盤後,
2018/10/26,TXO,201906  ,8400.0000,賣權,213,253,205,245,49,245,131,225,249,299,50,,一般,
2018/10/26,TXO,201906  ,8400.0000,賣權,-,-,-,-,0,-,-,-,-,-,-,,盤後,
2018/10/26,TXO,201906  ,8600.0000,買權,-,-,-,-,0,1010,5,-,-,-,-,,一般,
2018/10/26,TXO,201906  ,8600.0000,買權,-,-,-,-,0,-,-,-,-,-,-,,盤後,
2018/10/26,TXO,201906  ,8600.0000,賣權,244,308,244,308,72,283,241,265,300,381,40.5,,一般,
2018/10/26,TXO,201906  ,8600.0000,賣權,-,-,-,-,0,-,-,-,-,-,-,,盤後,
2018/10/26,TXO,201906  ,8800.0000,買權,-,-,-,-,0,860,2,-,-,-,-,,一般,
2018/10/26,TXO,201906  ,8800.0000,買權,-,-,-,-,0,-,-,-,-,-,-,,盤後,
2018/10/26,TXO,201906  ,8800.0000,賣權,300,361,300,330,18,330,68,319,352,361,67,,一般,
2018/10/26,TXO,201906  ,8800.0000,賣權,305,305,305,305,1,-,-,160,600,334,67,,盤後,
2018/10/26,TXO,201906  ,9000.0000,買權,-,-,-,-,0,740,11,-,-,-,-,,一般,
2018/10/26,TXO,201906  ,9000.0000,買權,-,-,-,-,0,-,-,-,-,-,-,,盤後,
2018/10/26,TXO,201906  ,9000.0000,賣權,349,431,349,408,25,408,116,383,418,431,77,,一般,
2018/10/26,TXO,201906  ,9000.0000,賣權,353,353,353,353,2,-,-,250,1000,396,77,,盤後,
2018/10/26,TXO,201906  ,9200.0000,買權,580,585,580,585,11,600,17,580,615,1550,106,,一般,
2018/10/26,TXO,201906  ,9200.0000,買權,945,945,945,945,1,-,-,232,895,1550,106,,盤後,
2018/10/26,TXO,201906  ,9200.0000,賣權,426,456,426,456,6,469,158,458,480,470,91,,一般,
2018/10/26,TXO,201906  ,9200.0000,賣權,422,422,422,422,1,-,-,280,-,470,91,,盤後,
2018/10/26,TXO,201906  ,9400.0000,買權,462,462,462,462,2,483,26,465,500,780,462,,一般,
2018/10/26,TXO,201906  ,9400.0000,買權,-,-,-,-,0,-,-,-,-,-,-,,盤後,
2018/10/26,TXO,201906  ,9400.0000,賣權,510,580,500,550,17,550,117,545,570,580,100,,一般,
2018/10/26,TXO,201906  ,9400.0000,賣權,515,515,515,515,1,-,-,317,-,540,100,,盤後,
2018/10/26,TXO,201906  ,9600.0000,買權,373,390,373,390,4,398,41,370,402,1420,373,,一般,
2018/10/26,TXO,201906  ,9600.0000,買權,-,-,-,-,0,-,-,-,-,-,-,,盤後,
2018/10/26,TXO,201906  ,9600.0000,賣權,605,680,605,665,8,665,205,645,670,680,129,,一般,
2018/10/26,TXO,201906  ,9600.0000,賣權,-,-,-,-,0,-,-,-,-,-,-,,盤後,
2018/10/26,TXO,201906  ,9800.0000,買權,320,320,273,296,18,296,22,285,319,875,273,,一般,
2018/10/26,TXO,201906  ,9800.0000,買權,-,-,-,-,0,-,-,-,-,-,-,,盤後,
2018/10/26,TXO,201906  ,9800.0000,賣權,785,785,780,780,6,760,77,760,785,785,155,,一般,
2018/10/26,TXO,201906  ,9800.0000,賣權,-,-,-,-,0,-,-,-,-,-,-,,盤後,
2018/10/26,TXO,201906  ,10000.0000,買權,260,260,209,231,51,231,79,219,234,1070,209,,一般,
2018/10/26,TXO,201906  ,10000.0000,買權,-,-,-,-,0,-,-,-,-,-,-,,盤後,
2018/10/26,TXO,201906  ,10000.0000,賣權,925,925,925,925,2,895,86,890,910,925,192,,一般,
2018/10/26,TXO,201906  ,10000.0000,賣權,-,-,-,-,0,-,-,-,-,-,-,,盤後,
2018/10/26,TXO,201906  ,10200.0000,買權,210,210,161,173,19,173,36,162,175,650,161,,一般,
2018/10/26,TXO,201906  ,10200.0000,買權,-,-,-,-,0,-,-,-,-,-,-,,盤後,
2018/10/26,TXO,201906  ,10200.0000,賣權,-,-,-,-,0,1040,18,-,-,-,-,,一般,
2018/10/26,TXO,201906  ,10200.0000,賣權,-,-,-,-,0,-,-,-,-,-,-,,盤後,
2018/10/26,TXO,201906  ,10400.0000,買權,154,154,120,125,47,125,105,115,128,770,120,,一般,
2018/10/26,TXO,201906  ,10400.0000,買權,148,152,148,152,17,-,-,142,155,770,139,,盤後,
2018/10/26,TXO,201906  ,10400.0000,賣權,-,-,-,-,0,1190,50,-,-,-,-,,一般,
2018/10/26,TXO,201906  ,10400.0000,賣權,-,-,-,-,0,-,-,-,-,-,-,,盤後,
2018/10/26,TXO,201906  ,10600.0000,買權,109,112,85,92,22,92,279,93,103,645,85,,一般,
2018/10/26,TXO,201906  ,10600.0000,買權,112,115,99,115,12,-,-,91,118,645,99,,盤後,
2018/10/26,TXO,201906  ,10600.0000,賣權,-,-,-,-,0,1350,25,-,-,-,-,,一般,
2018/10/26,TXO,201906  ,10600.0000,賣權,-,-,-,-,0,-,-,-,-,-,-,,盤後,
2018/10/26,TXO,201906  ,10800.0000,買權,80,80,63,69,39,69,156,66,130,535,63,,一般,
2018/10/26,TXO,201906  ,10800.0000,買權,80,97,80,97,3,-,-,61,97,535,73,,盤後,
2018/10/26,TXO,201906  ,10800.0000,賣權,-,-,-,-,0,1530,21,-,-,-,-,,一般,
2018/10/26,TXO,201906  ,10800.0000,賣權,-,-,-,-,0,-,-,-,-,-,-,,盤後,
2018/10/26,TXO,201906  ,11000.0000,買權,55,57,47,49.5,44,49.5,222,47.5,68,430,47,,一般,
2018/10/26,TXO,201906  ,11000.0000,買權,60,60,50,50,9,-,-,49,61,430,50,,盤後,
2018/10/26,TXO,201906  ,11000.0000,賣權,-,-,-,-,0,1710,9,-,-,-,-,,一般,
2018/10/26,TXO,201906  ,11000.0000,賣權,-,-,-,-,0,-,-,-,-,-,-,,盤後,
2018/10/26,TXO,201906  ,11200.0000,買權,36,36,32.5,35,18,35,116,27.5,40,333,32.5,,一般,
2018/10/26,TXO,201906  ,11200.0000,買權,-,-,-,-,0,-,-,-,-,-,-,,盤後,
2018/10/26,TXO,201906  ,11200.0000,賣權,-,-,-,-,0,1890,6,-,-,-,-,,一般,
2018/10/26,TXO,201906  ,11200.0000,賣權,-,-,-,-,0,-,-,-,-,-,-,,盤後,
2018/10/26,TXO,201906  ,11400.0000,買權,30,30,28,28,3,28,388,15,44.5,257,28,,一般,
2018/10/26,TXO,201906  ,11400.0000,買權,31,31,31,31,2,-,-,10,500,257,30.5,,盤後,
2018/10/26,TXO,201906  ,11400.0000,賣權,-,-,-,-,0,2090,5,-,-,-,-,,一般,
2018/10/26,TXO,201906  ,11400.0000,賣權,-,-,-,-,0,-,-,-,-,-,-,,盤後,
2018/10/26,TXO,201906  ,11600.0000,買權,22,22,22,22,1,22,78,21,74,190,22,,一般,
2018/10/26,TXO,201906  ,11600.0000,買權,-,-,-,-,0,-,-,-,-,-,-,,盤後,
2018/10/26,TXO,201906  ,11600.0000,賣權,-,-,-,-,0,2280,4,-,-,-,-,,一般,
2018/10/26,TXO,201906  ,11600.0000,賣權,-,-,-,-,0,-,-,-,-,-,-,,盤後,
2018/10/26,TXO,201906  ,11800.0000,買權,18,18,18,18,2,18,29,2.3,69,141,18,,一般,
2018/10/26,TXO,201906  ,11800.0000,買權,-,-,-,-,0,-,-,-,-,-,-,,盤後,
2018/10/26,TXO,201906  ,11800.0000,賣權,-,-,-,-,0,2470,40,-,-,-,-,,一般,
2018/10/26,TXO,201906  ,11800.0000,賣權,-,-,-,-,0,-,-,-,-,-,-,,盤後,
2018/10/26,TXO,201906  ,12000.0000,買權,15,15,13.5,15,5,15,134,1.3,29.5,102,13.5,,一般,
2018/10/26,TXO,201906  ,12000.0000,買權,-,-,-,-,0,-,-,-,-,-,-,,盤後,
2018/10/26,TXO,201906  ,12000.0000,賣權,-,-,-,-,0,2670,2,-,-,-,-,,一般,
2018/10/26,TXO,201906  ,12000.0000,賣權,-,-,-,-,0,-,-,-,-,-,-,,盤後,
2018/10/26,TXO,201906  ,12200.0000,買權,13,13,13,13,1,13,50,10,63,72,13,,一般,
2018/10/26,TXO,201906  ,12200.0000,買權,-,-,-,-,0,-,-,-,-,-,-,,盤後,
2018/10/26,TXO,201906  ,12200.0000,賣權,-,-,-,-,0,2870,2,-,-,-,-,,一般,
2018/10/26,TXO,201906  ,12200.0000,賣權,-,-,-,-,0,-,-,-,-,-,-,,盤後,
2018/10/26,TXO,201906  ,12400.0000,買權,10,10,10,10,10,10,33,10,61,52,10,,一般,
2018/10/26,TXO,201906  ,12400.0000,買權,-,-,-,-,0,-,-,-,-,-,-,,盤後,
2018/10/26,TXO,201906  ,12400.0000,賣權,-,-,-,-,0,3060,1,-,-,-,-,,一般,
2018/10/26,TXO,201906  ,12400.0000,賣權,-,-,-,-,0,-,-,-,-,-,-,,盤後,
2018/10/26,TXO,201906  ,12600.0000,買權,9.3,9.3,9.3,9.3,1,9.3,26,0.6,59,36.5,7.6,,一般,
2018/10/26,TXO,201906  ,12600.0000,買權,-,-,-,-,0,-,-,-,-,-,-,,盤後,
2018/10/26,TXO,201906  ,12600.0000,賣權,-,-,-,-,0,3260,0,-,-,-,-,,一般,
2018/10/26,TXO,201906  ,12600.0000,賣權,-,-,-,-,0,-,-,-,-,-,-,,盤後,
2018/10/26,TXO,201906  ,12800.0000,買權,-,-,-,-,0,8.8,7,-,-,-,-,,一般,
2018/10/26,TXO,201906  ,12800.0000,買權,-,-,-,-,0,-,-,-,-,-,-,,盤後,
2018/10/26,TXO,201906  ,12800.0000,賣權,-,-,-,-,0,3460,4,-,-,-,-,,一般,
2018/10/26,TXO,201906  ,12800.0000,賣權,-,-,-,-,0,-,-,-,-,-,-,,盤後,
2018/10/26,TXO,201906  ,13000.0000,買權,-,-,-,-,0,8.2,78,-,-,-,-,,一般,
2018/10/26,TXO,201906  ,13000.0000,買權,-,-,-,-,0,-,-,-,-,-,-,,盤後,
2018/10/26,TXO,201906  ,13000.0000,賣權,-,-,-,-,0,3660,2,-,-,-,-,,一般,
2018/10/26,TXO,201906  ,13000.0000,賣權,-,-,-,-,0,-,-,-,-,-,-,,盤後,
2018/10/26,TXO,201906  ,13200.0000,買權,-,-,-,-,0,7.6,32,-,-,-,-,,一般,
2018/10/26,TXO,201906  ,13200.0000,買權,-,-,-,-,0,-,-,-,-,-,-,,盤後,
2018/10/26,TXO,201906  ,13200.0000,賣權,-,-,-,-,0,3860,2,-,-,-,-,,一般,
2018/10/26,TXO,201906  ,13200.0000,賣權,-,-,-,-,0,-,-,-,-,-,-,,盤後,
2018/10/26,TXO,201906  ,13400.0000,買權,5.8,5.8,5.8,5.8,4,5.8,14,1.7,55,9,5.8,,一般,
2018/10/26,TXO,201906  ,13400.0000,買權,-,-,-,-,0,-,-,-,-,-,-,,盤後,
2018/10/26,TXO,201906  ,13400.0000,賣權,-,-,-,-,0,4050,2,-,-,-,-,,一般,
2018/10/26,TXO,201906  ,13400.0000,賣權,-,-,-,-,0,-,-,-,-,-,-,,盤後,
